package_name,package_version,language,language_version,script_path,package_url,download_url,status,complexity,priority
3scale-apicast,,lua,,3/3scale-apicast/apicast_ubi_9.3.sh,,,pending,high,25
ace,,c,,a/ace/ace_tao_ubi_9.3.sh,,,pending,low,15
ace,,unknown,,a/ace/ace_rhel_7.2.sh,,,unknown,low,30
ace,,unknown,,a/ace/ace_ubuntu_16.04.sh,,,unknown,low,30
activemq-cpp,,unknown,,a/activemq-cpp/activemq-cpp_ubuntu_16.04.sh,,,unknown,medium,35
ajax-tags,,groovy,,a/ajax-tags/ajax-tags_ubi_8.5.sh,,,pending,low,20
allpathslg,,unknown,,a/allpathslg/allpathslg_rhel_7.3.sh,,,unknown,low,30
ansible-hub-ui,,node,,a/ansible-hub-ui/ansible-hub-ui_ubi_9.6.sh,,,pending,medium,17
apache-arrow,,c,,a/apache-arrow/arrow_ubi_9.3.sh,,,pending,medium,20
apache-arrow,,c,,a/apache-arrow/arrow_ubi_8.7.sh,,,pending,medium,25
automapper.collection,,c,,a/automapper.collection/automapper.collection_ubi_8.7.sh,,,pending,low,20
automaxprocs,,unknown,,a/automaxprocs/automaxprocs_ubi_8.4.sh,,,unknown,low,30
bashdb,,unknown,,b/bashdb/bashdb_4.4-1.0.1_rhel_7.6.sh,,,unknown,low,30
bashdb,,unknown,,b/bashdb/bashdb_rhel_7.6.sh,,,unknown,low,30
basho-leveldb,,unknown,,b/basho-leveldb/leveldb_ubuntu_18.04.sh,,,unknown,medium,35
breakdancer,,unknown,,b/breakdancer/breakdancer_rhel_7.3.sh,,,unknown,medium,35
breakpad,,unknown,,b/breakpad/breakpad_build.sh,,,unknown,medium,35
brotli-libs,,c,,b/brotli-libs/brotli-libs_ubi_8.5.sh,,,pending,medium,25
busybox,,unknown,,b/busybox/busybox_rhel_7.4.sh,,,unknown,low,30
caja,,unknown,,c/caja/caja_ubuntu_18.04.sh,,,unknown,low,30
canu,,unknown,,c/canu/canu_rhel_7.3.sh,,,unknown,low,30
canu,,unknown,,c/canu/canu_ubuntu_7.3.sh,,,unknown,low,30
c-ares,,c,,c/c-ares/cares_ubi_9.3.sh,,,pending,high,25
c-ares,,unknown,,c/c-ares/c-ares_rhel_7.2.sh,,,unknown,low,30
c-ares,,unknown,,c/c-ares/c-ares_ubuntu_16.04.sh,,,unknown,low,30
cdbfasta,,unknown,,c/cdbfasta/cdbfasta_rhel_7.3.sh,,,unknown,low,30
cdbfasta,,unknown,,c/cdbfasta/cdbfasta_ubuntu_16.04.sh,,,unknown,low,30
ci.gradle,,groovy,,c/ci.gradle/ci.gradle_ubi_9.3.sh,,,pending,low,15
ck,,c,,c/ck/ck_ubi_9.3.sh,,,pending,low,15
clearcut,,unknown,,c/clearcut/clearcut_rhel_7.3.sh,,,unknown,low,30
clearcut,,unknown,,c/clearcut/clearcut_ubuntu_16.04.sh,,,unknown,low,30
clickhouse,,c,,c/clickhouse/clickhouse_ubi8.5.sh,,,pending,medium,25
cloog,,unknown,,c/cloog/cloog_rhel_7.3.sh,,,unknown,low,30
cloog,,unknown,,c/cloog/cloog_ubuntu_16.04.sh,,,unknown,low,30
cloog,,unknown,,c/cloog/conda.recipe/build.sh,,,unknown,low,30
cmake,,unknown,,c/cmake/cmake_rhel_7.3.sh,,,unknown,medium,35
cmake,,unknown,,c/cmake/cmake_ubuntu_16.04.sh,,,unknown,medium,35
collectd,,c,,c/collectd/collectd_ubi_8.7.sh,,,pending,low,20
collectd,,unknown,,c/collectd/collectd_rhel_7.4.sh,,,unknown,low,30
commonservicelocator,,c,,c/commonservicelocator/commonservicelocator_ubi_8.7.sh,,,pending,low,20
community-kubernetes,,unknown,,c/community-kubernetes/ansible-collections-community.kubernetes-v1.2.1_ubi_8.3.sh,,,unknown,medium,35
conifer,,conda,,c/conifer/conifer_rhel_7.3.sh,,,unknown,low,30
corepack,,node,,c/corepack/corepack_ubi_9.3.sh,,,pending,medium,17
corepack,,node,,c/corepack/corepack_ubi_8.7.sh,,,pending,medium,22
corosync,,unknown,,c/corosync/corosync_rhel_7.4.sh,,,unknown,low,30
corosync,,unknown,,c/corosync/corosync_ubuntu_16.04.sh,,,unknown,low,30
couchdb,,unknown,,c/couchdb/couchdb_ubuntu_16.04.sh,,,unknown,low,30
couchdb,,unknown,,c/couchdb/couchdb_RHEL7.sh,,,unknown,medium,35
csdp,,unknown,,c/csdp/Csdp_rhel_7.3.sh,,,unknown,low,30
csvhelper,,c,,c/csvhelper/csvhelper_ubi_8.7.sh,,,pending,low,20
csync2,,c,,c/csync2/csync2_ubi_8.5.sh,,,pending,low,20
cuda,,unknown,,c/cuda/cuda_rhel_7.2.sh,,,unknown,low,30
cuda-runtime,,unknown,,c/cuda-runtime/cuda-runtime_rhel_7.3.sh,,,unknown,low,30
cuda-runtime,,unknown,,c/cuda-runtime/cuda-runtime_ubuntu_16.04.sh,,,unknown,low,30
cx-oracle,,c,,c/cx-oracle/cx-oracle_ubi_9.3.sh,,,pending,medium,20
cypress,,c,,c/cypress/cypress-docker-images_12.5.1_Ubuntu_20.04.sh,,,unknown,medium,35
cypress,,c,,c/cypress/cypress_12.5.1_Ubuntu_20.04.sh,,,unknown,high,40
cyrus-sasl,,c,,c/cyrus-sasl/cyrus-sasl_ubi_9.3.sh,,,pending,medium,20
cyrus-sasl,,unknown,,c/cyrus-sasl/cyrus-sasl_rhel_7.3.sh,,,unknown,low,30
cyrus-sasl,,unknown,,c/cyrus-sasl/cyrus-sasl_ubuntu_16.04.sh,,,unknown,low,30
definitelytyped,,node,,d/definitelytyped/definitelytyped_ubi_9.3.sh,,,pending,low,12
definitelytyped,,node,,d/definitelytyped/definitelytyped_ubi_8.7.sh,,,pending,low,17
delta,,scala,,d/delta/delta_ubi_9.3.sh,,,pending,medium,20
discovardenovo,,unknown,,d/discovardenovo/discovardenovo_rhel_7.3.sh,,,unknown,low,30
dlib,,c,,d/dlib/dlib_ubi_9.3.sh,,,pending,medium,20
dlib,,unknown,,d/dlib/dlib_cpu_rhel_7.3.sh,,,unknown,medium,35
dlib,,unknown,,d/dlib/dlib_gpu_rhel_7.3.sh,,,unknown,medium,35
dlib,,unknown,,d/dlib/dlib_ubuntu_16.04.sh,,,unknown,medium,35
docker-light-baseimage,,shell,,d/docker-light-baseimage/build_image_docker-light-baseimage.sh,,,unknown,medium,35
docker-openldap,,shell,,d/docker-openldap/build_image_docker-openldap.sh,,,unknown,low,30
dotnet10,,dotnet,,d/dotnet10/cross-build-with-container.sh,,,unknown,medium,35
dotnet10,,dotnet,,d/dotnet10/dotnet-source-build.sh,,,unknown,high,40
dotnet7,,c,,d/dotnet7/dotnet7-ubuntu18.04.sh,,,unknown,medium,35
dotnet9,,dotnet,,d/dotnet9/cross-build-with-container.sh,,,unknown,low,30
dotnetdbf,,c,,d/dotnetdbf/dotnetdbf_ubi_8.7.sh,,,pending,low,20
double-conversion,,unknown,,d/double-conversion/double-conversion_rhel_7.4.sh,,,unknown,medium,35
double-conversion,,unknown,,d/double-conversion/double-conversion_ubuntu_16.04.sh,,,unknown,medium,35
download-scripts,,unknown,,gha-script/download-scripts/download_docker_image.sh,,,unknown,low,30
download-scripts,,unknown,,gha-script/download-scripts/download_file.sh,,,unknown,low,30
download-scripts,,unknown,,gha-script/download-scripts/download_wheels.sh,,,unknown,low,30
drFAST,,unknown,,d/drFAST/drFAST_rhel_7.3.sh,,,unknown,low,30
drFAST,,unknown,,d/drFAST/drFAST_ubuntu_16.04.sh,,,unknown,low,30
egglib,,unknown,,e/egglib/egglib_rhel_7.3.sh,,,unknown,low,30
egglib,,unknown,,e/egglib/egglib_ubuntu_16.04.sh,,,unknown,low,30
electron,,c,,e/electron/electron-22.0.3-ubuntu-20.04.sh,,,unknown,high,40
electron,,c,,e/electron/electron-22.0.3-ubuntu-22.04.sh,,,unknown,high,40
elemental,,unknown,,e/elemental/elemental_rhel_7.4.sh,,,unknown,medium,35
elk,,unknown,,e/elk/Dockerfiles/2.4_2.4_4.6_Ubuntu_16.04/entrypoints/logstash-entrypoint.sh,,,unknown,low,30
engine.io-client,,node,,e/engine.io-client/engine.io-client_ubi_8.7.sh,,,pending,low,17
engine.io-client,,node,,e/engine.io-client/engine.io-client_ubi_9.3.sh,,,pending,medium,17
envoy,,c,,e/envoy/envoy_1.31.0_ubi9.3.sh,,,pending,high,25
envoy,,c,,e/envoy/envoy_1.32.0_ubi9.3.sh,,,pending,high,25
envoy,,c,,e/envoy/envoy_1.34.0_ubi9.3.sh,,,pending,high,25
envoy,,c,,e/envoy/envoy_1.23.6_ubi8.4.sh,,,pending,high,30
envoy,,c,,e/envoy/envoy_1.25.11_ubi8.4.sh,,,pending,high,30
envoy,,c,,e/envoy/envoy_1.25.3_ubi8.4.sh,,,pending,high,30
envoy,,c,,e/envoy/envoy_1.29.0_ubi8.7.sh,,,pending,high,30
envoy,,c,,e/envoy/envoy_1.29.3_ubi8.7.sh,,,pending,high,30
envoy,,c,,e/envoy/envoy_1.31.0_ubi8.7.sh,,,pending,high,30
envoy-openssl,,c,,e/envoy-openssl/envoy-bssl-compact_ubi_9.2.sh,,,pending,medium,20
envoy-openssl,,c,,e/envoy-openssl/envoy_openssl_ubi_9.2.sh,,,pending,high,25
envoy-openssl,,c,,e/envoy-openssl/envoy_openssl_ubi_9.4_v1.32.sh,,,pending,high,25
envoy-openssl,,c,,e/envoy-openssl/envoy_openssl_ubi_9.4_v1.34.sh,,,pending,high,25
erlang-otp,,erlang,,e/erlang-otp/erlang-otp_ubi_8.5.sh,,,pending,low,20
exgrid,,unknown,,e/exgrid/exgrid_rhel_7.4.sh,,,unknown,low,30
exgrid,,unknown,,e/exgrid/exgrid_ubuntu_16.04.sh,,,unknown,low,30
faiss,,c,,f/faiss/faiss_1.12_ubi.sh,,,pending,medium,20
fflate,,node,,f/fflate/fflate_ubi_8.3.sh,,,pending,low,17
fflate,,node,,f/fflate/fflate_ubi_9.3.sh,,,pending,medium,17
firebug,,unknown,,f/firebug/firebug_ubuntu_18.04.sh,,,unknown,low,30
flask-api,,unknown,,f/flask-api/flask-api_ubi_8.5.sh,,,pending,low,20
fluent-bit,,c,,f/fluent-bit/fluent-bit_v3.0.6_ubi_9.3.sh,,,pending,high,25
fluent-bit,,c,,f/fluent-bit/fluent-bit_v3.1.3_ubi_9.3.sh,,,pending,high,25
fluent-bit,,c,,f/fluent-bit/fluent-bit_v3.2.3_ubi_9.3.sh,,,pending,high,25
fluent-bit,,c,,f/fluent-bit/fluent-bit_v2.0.11_ubi_8.7.sh,,,pending,high,30
fluent-bit,,c,,f/fluent-bit/fluent-bit_v2.1.10_ubi_8.7.sh,,,pending,high,30
fluent-bit,,c,,f/fluent-bit/fluent-bit_v3.0.6_ubi_8.7.sh,,,pending,high,30
fluent-bit,,c,,f/fluent-bit/v1.9.5/fluent-bit-ubi_8.5.sh,,,unknown,medium,35
fluent-bit,,unknown,,f/fluent-bit/fluent-bit_rhel_8.3.sh,,,unknown,high,40
fluent-bit,,c,,f/fluent-bit/fluent-bit_v1.6.10_ubi_8.7.sh,,,unknown,high,40
fluentvalidation,,c,,f/fluentvalidation/fluentvalidation_ubi_8.7.sh,,,pending,low,20
Fortify-headers,,unknown,,f/Fortify-headers/fortify-headers_registry_rhel8.sh,,,unknown,low,30
foundationdb,,c,,f/foundationdb/foundation_db_ubi8.4.sh,,,pending,medium,25
geckodriver,,rust,,g/geckodriver/geckodriver_v0.28.0_ubi_9.5.sh,,,pending,medium,20
geos,,c,,g/geos/geos_ubi_8.5.sh,,,pending,medium,25
ghostscript,,unknown,,g/ghostscript/ghostscript_rhel_7.6.sh,,,unknown,low,30
glpk,,unknown,,g/glpk/glpk_rhel_7.3.sh,,,unknown,low,30
go-kmsg-parser,,unknown,,g/go-kmsg-parser/go-kmsg-parser_ubi_8.3.sh,,,unknown,low,30
googletest,,unknown,,g/googletest/googletest_rhel_7.3.sh,,,unknown,medium,35
googletest,,c,,g/googletest/googletest_ubi_8_7.sh,,,unknown,medium,35
googletest,,unknown,,g/googletest/googletest_ubuntu_16.04.sh,,,unknown,medium,35
go-shellwords,,unknown,,g/go-shellwords/go-shellwords_ubi_8.4.sh,,,unknown,low,30
graphql-engine,,ghc,,g/graphql-engine/graphql-engine-v2.45.2-fedora42.sh,,,pending,medium,25
graphql-tag,,node,,g/graphql-tag/graphql-tag_ubi_9.3.sh,,,pending,low,12
graphql-tag,,node,,g/graphql-tag/graphql-tag_ubi_8.7.sh,,,pending,low,17
gromacs,,c,,g/gromacs/gromacs_ubi_9.3.sh,,,pending,medium,20
gromacs,,unknown,,g/gromacs/gromacs_rhel_7.2.sh,,,unknown,medium,35
grpcio,,c,,g/grpcio/grpcio_1.53.0_ubi_9.3.sh,,,pending,medium,20
grpcio,,c,,g/grpcio/grpcio_1.76.0_ubi_9.6.sh,,,pending,medium,20
grpcio,,c,,g/grpcio/grpcio_ubi_9.3.sh,,,pending,medium,20
grpcio,,c,,g/grpcio/grpcio_ubi_8.10.sh,,,pending,medium,25
grpc-tools,,csharp,,g/grpc-tools/grpc.tools_ubi_8.5.sh,,,pending,medium,25
gsl,,unknown,,g/gsl/gsl_rhel_7.2.sh,,,unknown,low,30
gvp,,unknown,,g/gvp/gvp_ubuntu_18.04.sh,,,unknown,low,30
helmet,,node,,h/helmet/helmet_ubi_8.7.sh,,,pending,low,17
htslib,,c,,h/htslib/htslib_ubi_8.5.sh,,,pending,low,20
htslib,,unknown,,h/htslib/htslib_rhel_7.3.sh,,,unknown,low,30
hyper,,rust,,h/hyper/hyper_1.5.0_ubi_9.3.sh,,,pending,medium,20
hyperic-sigar,,unknown,,h/hyperic-sigar/hyperic-sigar_rhel_7.4.sh,,,unknown,medium,35
i18n,,node,,i/i18n/i18n_v4.4.3_ubi_9.5.sh,,,pending,low,12
iconv,,unknown,,i/iconv/iconv_ubuntu_16.04.sh,,,unknown,low,30
icu,,c,,i/icu/icu_release-76-1_ubi_9.3.sh,,,pending,low,15
icu,,c,,i/icu/icu_ubi_9.3.sh,,,pending,low,15
idba,,unknown,,i/idba/idba_rhel_7.3.sh,,,unknown,low,30
imagecodecs,,c,,i/imagecodecs/imagecodecs_ubi_9.3.sh,,,pending,high,25
imagecodecs,,c,,i/imagecodecs/imagecodecs_v2025.11.11_ubi_9.3.sh,,,pending,high,25
imagecodecs,,c,,i/imagecodecs/imagecodecs_v2025.8.2_ubi_9.3.sh,,,pending,high,25
importlib_resources,,unknown,,i/importlib_resources/importlib_resources_ubi_8.4.sh,,,unknown,low,30
iniparser,,c,,i/iniparser/iniparser_ubi_9.3.sh,,,pending,medium,20
io_lib,,unknown,,i/io_lib/io_lib_rhel_7.3.sh,,,unknown,low,30
jaeger-client-cpp,,unknown,,j/jaeger-client-cpp/redhat_ubi8/build.sh,,,unknown,medium,35
jags,,unknown,,j/jags/jags_rhel_7.3.sh,,,unknown,low,30
jemalloc,,unknown,,j/jemalloc/jemalloc_rhel_7.3.sh,,,unknown,low,30
jemalloc,,unknown,,j/jemalloc/jemalloc_ubuntu_16.04.sh,,,unknown,low,30
jitsi,,unknown,,j/jitsi/UBI/jvb/installjvb.sh,,,unknown,low,30
jq,,unknown,,j/jq/jq_ubi_8.4.sh,,,unknown,medium,35
jquery-form,,npm,,j/jquery-form/jquery-form_ubi_8.3.sh,,,pending,low,20
json,,perl,,j/json/json_ubi_9.3.sh,,,unknown,low,25
json,,unknown,,j/json/json_rhel_7.4.sh,,,unknown,medium,35
json,,unknown,,j/json/json_ubuntu_16.04.sh,,,unknown,medium,35
js-xss,,html,,j/js-xss/js-xss_ubi_8.5.sh,,,pending,low,20
julia,,julia,,j/julia/julia_v1.7.2_ubi8.5.sh,,,pending,medium,25
julia,,unknown,,j/julia/julia_rhel_7.7.sh,,,unknown,high,40
julia,,unknown,,j/julia/julia_v1.5_rhel7.7.sh,,,unknown,high,40
kallisto,,c,,k/kallisto/kallisto_ubi_9.3.sh,,,pending,medium,20
kallisto,,c,,k/kallisto/kallisto_ubi_8.5.sh,,,pending,medium,25
kcat,,shell,,k/kcat/kcat_ubi_9.3.sh,,,pending,medium,20
kcov,,c,,k/kcov/kcov_ubi_9.3.sh,,,pending,medium,20
kcov,,unknown,,k/kcov/kcov_rhel_7.3.sh,,,unknown,medium,35
kcov,,unknown,,k/kcov/kcov_ubuntu_16.04.sh,,,unknown,medium,35
kealib,,unknown,,k/kealib/conda.recipe/build.sh,,,unknown,medium,35
kealib,,unknown,,k/kealib/kealib_ubuntu_16.04.sh,,,unknown,medium,35
keepalived,,c,,k/keepalived/keepalived_ubi_9.3.sh,,,pending,high,25
keepalived,,unknown,,k/keepalived/Dockerfiles/1.3.6_ubuntu_16.04/docker-entrypoint.sh,,,unknown,low,30
keepalived,,unknown,,k/keepalived/keepalived_rhel_7.4.sh,,,unknown,low,30
keepalived,,unknown,,k/keepalived/keepalived_ubuntu_16.04.sh,,,unknown,low,30
kestrel,,c,,k/kestrel/kestrel_openmp_ubuntu_22.04.sh,,,pending,high,30
kestrel,,c,,k/kestrel/kestrel_v1.1.2_ubuntu_22.04.sh,,,pending,high,30
kongapi,,unknown,,k/kongapi/kong_rhel_7.3.sh,,,unknown,low,30
kongapi,,unknown,,k/kongapi/kong_ubuntu_16.04.sh,,,unknown,low,30
last,,unknown,,l/last/last_rhel_7.3.sh,,,unknown,low,30
leveldb,,c,,l/leveldb/leveldb_ubi_9.3.sh,,,pending,medium,20
leveldb,,c,,l/leveldb/leveldb_ubi_8.7.sh,,,pending,medium,25
leveldb,,unknown,,l/leveldb/leveldb_rhel_7.3.sh,,,unknown,medium,35
leveldb,,unknown,,l/leveldb/leveldb_ubuntu_16.04.sh,,,unknown,medium,35
libdes,,unknown,,l/libdes/libdes_rhel_7.3.sh,,,unknown,low,30
libdes,,unknown,,l/libdes/libdes_ubuntu_16.04.sh,,,unknown,low,30
libgtextutils,,unknown,,l/libgtextutils/libgtextutils_rhel_7.3.sh,,,unknown,low,30
libHLC,,unknown,,l/libHLC/libHLC_rhel_7.3.sh,,,unknown,medium,35
libHLC,,unknown,,l/libHLC/libHLC_ubuntu_16.04.sh,,,unknown,medium,35
libmemcached,,unknown,,l/libmemcached/libmemcached_rhel_7.3.sh,,,unknown,low,30
libmemcached,,unknown,,l/libmemcached/libmemcached_ubuntu_16.04.sh,,,unknown,low,30
librdkafka,,c,,l/librdkafka/librdkafka_ubi_9.3.sh,,,pending,medium,20
librdkafka,,c,,l/librdkafka/librdkafka_ubuntu_18.04.sh,,,pending,low,20
librdkafka,,c,,l/librdkafka/librdkafka_ubi_8.10.sh,,,pending,medium,25
libseccomp,,c,,l/libseccomp/libseccomp_ubi_8.7.sh,,,pending,medium,25
libsodium,,c,,l/libsodium/libsodium_ubi_9.3.sh,,,pending,medium,20
libsodium,,unknown,,l/libsodium/libsodium_rhel_7.3.sh,,,unknown,low,30
libsodium,,unknown,,l/libsodium/libsodium_ubuntu_16.04.sh,,,unknown,low,30
libtld,,unknown,,l/libtld/libtld_rhel_7.3.sh,,,unknown,medium,35
libtld,,unknown,,l/libtld/libtld_ubuntu_16.04.sh,,,unknown,medium,35
libtls-standalone,,c,,l/libtls-standalone/libtls-standalone_ubi.8.5.sh,,,pending,high,30
libuv,,unknown,,l/libuv/libuv_rhel_7.3.sh,,,unknown,low,30
libuv,,unknown,,l/libuv/libuv_ubuntu_16.04.sh,,,unknown,low,30
libzmq,,c,,l/libzmq/libzmq_ubi_9_3.sh,,,unknown,low,25
lmdb,,c,,l/lmdb/lmdb_ubi_9.3.sh,,,pending,low,15
lmdb,,unknown,,l/lmdb/lmdb_rhel_7.3.sh,,,unknown,low,30
lmdb,,unknown,,l/lmdb/lmdb_ubuntu_16.04.sh,,,unknown,low,30
luajit2,,c,,l/luajit2/luajit2_v2.1-20230911_ubi8.7.sh,,,pending,medium,25
macs,,cython,,m/macs/MACS_ubi_9.3.sh,,,pending,medium,20
macs,,cython,,m/macs/MACS_ubi_8.7.sh,,,pending,medium,25
mafft,,unknown,,m/mafft/mafft_rhel_7.3.sh,,,unknown,low,30
maistra-proxy,,c,,m/maistra-proxy/maistra_proxy_ubi_9.3.sh,,,pending,high,25
maistra-proxy,,c,,m/maistra-proxy/maistra_proxy_ubi_8.9.sh,,,pending,high,30
megahit,,unknown,,m/megahit/megahit_rhel_7.3.sh,,,unknown,low,30
memcached,,unknown,,m/memcached/Dockerfiles/1.5.16-ubi8/docker-entrypoint.sh,,,unknown,low,30
microsoft-gsl,,unknown,,m/microsoft-gsl/Microsoft-GSL_rhel_7.4.sh,,,unknown,medium,35
microsoft-gsl,,unknown,,m/microsoft-gsl/Microsoft-GSL_ubuntu_16.04.sh,,,unknown,medium,35
miktex,,c,,m/miktex/miktex_v25.4_ubi_9.3.sh,,,pending,high,25
miktex,,unknown,,m/miktex/Dockerfiles/entrypoint.sh,,,unknown,low,30
milvus,,c,,m/milvus/milvus-v2.3.3-ubi9.3.sh,,,pending,high,25
milvus,,c,,m/milvus/milvus-v2.4.11-ubi9.3.sh,,,pending,high,25
milvus,,c,,m/milvus/milvus-v2.5.3-ubi9.3.sh,,,pending,high,25
milvus,,c,,m/milvus/milvus_v2.6.5-ubi9.6.sh,,,pending,high,25
milvus,,c,,m/milvus/milvus-v2.3.3-ubi8.7.sh,,,pending,high,30
milvus,,c,,m/milvus/milvus-v2.3.3-ubuntu22.04.sh,,,pending,high,30
mimalloc,,c,,m/mimalloc/mimalloc_ubi_8.3.sh,,,pending,medium,25
mio,,rust,,m/mio/mio_1.0.2_ubi_9.3.sh,,,pending,medium,20
mirdeep2,,unknown,,m/mirdeep2/mirdeep2_ubuntu_16.04.sh,,,unknown,low,30
ml-metadata,,c,,m/ml-metadata/ml-metadata_ubi_9.6.sh,,,pending,high,25
modsecurity,,c,,m/modsecurity/modsecurity_ubi_8.5.sh,,,pending,medium,25
mongo-c-driver,,c,,m/mongo-c-driver/mongo-c-driver_ubi_9.3.sh,,,pending,medium,20
mongo-c-driver,,unknown,,m/mongo-c-driver/mongo-c-driver_rhel_7.4.sh,,,unknown,medium,35
mongo-c-driver,,unknown,,m/mongo-c-driver/mongo-c-driver_ubuntu_16.04.sh,,,unknown,medium,35
mongo-csharp-driver,,unknown,,m/mongo-csharp-driver/mongo-csharp-driver_ubuntu_16.04.sh,,,unknown,low,30
mongo-csharp-driver,,unknown,,m/mongo-csharp-driver/mongo-csharp-driver_rhel_7.4.sh,,,unknown,medium,35
mongo-cxx-driver,,unknown,,m/mongo-cxx-driver/mongo-cxx-driver_rhel_7.3.sh,,,unknown,low,30
mongo-cxx-driver,,unknown,,m/mongo-cxx-driver/mongo-cxx-driver_ubuntu_16.04.sh,,,unknown,low,30
mothur,,unknown,,m/mothur/mothur_rhel_7.3.sh,,,unknown,low,30
mrsfast,,unknown,,m/mrsfast/mrsfast_rhel_7.3.sh,,,unknown,low,30
msgpack-c,,unknown,,m/msgpack-c/msgpack-c_ubi_8.3.sh,,,unknown,medium,35
mummer,,unknown,,m/mummer/mummer_rhel_7.3.sh,,,unknown,low,30
mustache.js,,npm,,m/mustache.js/mustache.js_ubi_8.4.sh,,,pending,medium,25
nanomsg,,unknown,,n/nanomsg/nanomsg_rhel_7.3.sh,,,unknown,medium,35
nanomsg,,unknown,,n/nanomsg/nanomsg_ubuntu_16.04.sh,,,unknown,medium,35
napoleon,,unknown,,n/napoleon/napoleon_ubi_8.4.sh,,,unknown,low,30
nbformat,,jupyter,,n/nbformat/nbformat_ubi_9.3.sh,,,pending,low,15
nbformat,,jupyter,,n/nbformat/nbformat_ubi_8.7.sh,,,pending,medium,25
ncbi-blast,,unknown,,n/ncbi-blast/ncbi-blast_rhel_7.3.sh,,,unknown,low,30
nginx,,c,,n/nginx/nginx_ubi_8.7.sh,,,pending,low,20
nginx,,unknown,,n/nginx/nginx_rhel_7.4.sh,,,unknown,low,30
nginx,,unknown,,n/nginx/nginx_ubuntu_16.04.sh,,,unknown,low,30
ngx-charts,,c,,n/ngx-charts/ngx-charts_ubi_8.7.sh,,,pending,low,20
ngx_security_headers,,c,,n/ngx_security_headers/ngx_security_headers_ubi_8.5.sh,,,pending,low,20
ninja,,c,,n/ninja/ninja_ubi_9.3.sh,,,pending,medium,20
node,,unknown,,n/node/build_node_v10.15.3.sh,,,unknown,low,30
node-lru-cache,,node,,n/node-lru-cache/node-lru-cache_ubi_9_3.sh,,,pending,low,12
node-lru-cache,,node,,n/node-lru-cache/node-lru-cache_ubi_8.7.sh,,,pending,low,17
novelseq,,unknown,,n/novelseq/novelseq_rhel_7.3.sh,,,unknown,low,30
numactl,,c,,n/numactl/nuamctl_ubi_9.3.sh,,,pending,low,15
oniguruma,,c,,o/oniguruma/oniguruma_ubi_8.5.sh,,,pending,high,30
oniguruma,,c,,o/oniguruma/oniguruma_ubi_8.5_v6.9.8.sh,,,pending,high,30
openblas,,c,,o/openblas/openblas_ubi_9.3.sh,,,pending,high,25
openldap,,c,,o/openldap/openldap_2.6.3_ubi_8.5.sh,,,pending,low,20
openldap,,c,,o/openldap/openldap_ubi_8.3.sh,,,unknown,low,30
openresty,,c,,o/openresty/ppc64el/openresty.sh,,,pending,medium,25
openresty,,unknown,,o/openresty/redhat_ubi8/build.sh,,,unknown,medium,35
openshift-service-mesh-proxy,,c,,o/openshift-service-mesh-proxy/openshift-service-mesh-proxy_1.26_ubi9.4.sh,,,pending,high,25
openshift-service-mesh-proxy,,c,,o/openshift-service-mesh-proxy/openshift-service-mesh-proxy_rhel9.3.sh,,,pending,high,25
opentelemetry-erlang,,erlang,,o/opentelemetry-erlang/opentelemetry-erlang_ubi_8.7.sh,,,pending,low,20
opentracing,,unknown,,o/opentracing/redhat_ubi8/build.sh,,,unknown,medium,35
opentracing-contrib,,unknown,,o/opentracing-contrib/java-spring-web/java-spring-web_rhel_7.6.sh,,,unknown,low,30
orc,,c,,o/orc/orc_ubi_9.3.sh,,,pending,high,25
osquery,,c,,o/osquery/osquery_5.18.1_ubi9.5.sh,,,pending,high,25
ossec-hids,,c,,o/ossec-hids/ossec-hids_ubi_9.3.sh,,,pending,low,15
ossec-hids,,unknown,,o/ossec-hids/Dockerfiles/2.9.2_ubuntu_16.04/start_ossec_hids.sh,,,unknown,low,30
p7zip,,asm,,p/p7zip/p7zip_17.05_ubi9.3.sh,,,pending,medium,20
pandaseq,,unknown,,p/pandaseq/pandaseq_rhel_7.3.sh,,,unknown,low,30
paping,,c,,p/paping/paping_ubi_8.5.sh,,,pending,low,20
parquet-cpp,,unknown,,p/parquet-cpp/parquet-cpp_rhel_7.3.sh,,,unknown,medium,35
patchelf,,c,,p/patchelf/patchelf_ubi_8.7.sh,,,pending,low,20
pep517,,unknown,,p/pep517/pep517_ubi_8.4.sh,,,unknown,low,30
pgbadger,,perl,,p/pgbadger/pgbadger.sh,,,pending,low,20
pgnodemx,,c,,p/pgnodemx/pgnodemx_ubi_8.5.sh,,,pending,medium,25
pgvector,,c,,p/pgvector/pgvector_ubi_9.3.sh,,,pending,low,15
plr,,c,,p/plr/plr_ubi_8.5.sh,,,pending,low,20
postgres,,unknown,,p/postgres/postgres_rhel_7.4.sh,,,unknown,low,30
postgres,,unknown,,p/postgres/postgres_ubuntu_16.04.sh,,,unknown,low,30
postgresql-bv,,c,,p/postgresql-bv/postgresql-bv_14.10.0_ubi_8.7.sh,,,pending,medium,25
primer3,,unknown,,p/primer3/primer3_rhel_7.3.sh,,,unknown,low,30
primer3,,c,,p/primer3/primer3_ubi_8_7.sh,,,unknown,medium,35
prodigal,,unknown,,p/prodigal/Prodigal_rhel_7.2.sh,,,unknown,low,30
proj.4,,c,,p/proj.4/proj.4_ubi_8.7.sh,,,pending,medium,25
protobuf-c,,c,,p/protobuf-c/protobuf-c_ubi_8.5.sh,,,pending,medium,25
psqlodbc,,unknown,,p/psqlodbc/conda.recipe/build.sh,,,unknown,low,30
psqlodbc,,unknown,,p/psqlodbc/psqlodbc_ubuntu_16.04.sh,,,unknown,low,30
pyav,,c,,p/pyav/pyav_10-0_ubi_9.3.sh,,,pending,high,25
pyav,,c,,p/pyav/pyav_ubi_9.3.sh,,,pending,high,25
pycryptodome,,c,,p/pycryptodome/pycryptodome_ubi_9.3.sh,,,pending,low,15
pycryptodome,,c,,p/pycryptodome/pycryptodome_ubi_8.10.sh,,,pending,low,20
pyhdf,,c,,p/pyhdf/pyhdf_ubi_8.7.sh,,,pending,low,20
pyhdf,,c,,p/pyhdf/pyhdf_ubi_9.3.sh,,,pending,medium,20
pypy,,unknown,,p/pypy/pypy_rhel_7.4.sh,,,unknown,low,30
qpid-proton,,unknown,,q/qpid-proton/qpid-proton_rhel_8.2.sh,,,unknown,medium,35
qpid-proton,,unknown,,q/qpid-proton/qpid-proton_ubi_8.2.sh,,,unknown,medium,35
quagga,,unknown,,q/quagga/quagga_ubuntu_16.04.sh,,,unknown,low,30
R,,r,,r/R/R_ubuntu_16.04.sh,,,unknown,low,30
rabbitmq-server,,erlang,,r/rabbitmq-server/rabbitmq-server_ubi_8.5.sh,,,pending,low,20
re2,,c,,r/re2/re2_ubi_9.3.sh,,,pending,high,25
rear,,shell,,r/rear/rear_ubi_9.3.sh,,,pending,low,15
redis,,c,,r/redis/redis_ubi_8.5.sh,,,pending,low,20
redis,,c,,r/redis/redis_ubi_8.7.sh,,,pending,low,20
redis,,c,,r/redis/redis_rhel_7.4.sh,,,unknown,low,30
redis,,c,,r/redis/redis_rhel_7.6.sh,,,unknown,low,30
redis,,c,,r/redis/redis_ubuntu_16.04.sh,,,unknown,low,30
redis-bv,,c,,r/redis-bv/redis-bv_7.2.1_ubi_8.7.sh,,,pending,medium,25
remarkable,,npm,,r/remarkable/remarkable_ubi_8.3.sh,,,pending,low,20
requests-oauthlib,,c,,r/requests-oauthlib/requests-oauthlib_ubi_9.3.sh,,,pending,low,15
requests-oauthlib,,unknown,,r/requests-oauthlib/requests-oauthlib_ubi_8.5.sh,,,pending,low,20
rethinkdb,,c,,r/rethinkdb/rethinkdb_ubi_9.3.sh,,,pending,medium,20
rethinkdb,,c,,r/rethinkdb/rethinkdb_ubi_8.5.sh,,,pending,medium,25
rfc3339-validator,,unknown,,r/rfc3339-validator/rfc3339-validator_ubi_8.4.sh,,,unknown,low,30
rfc3986-validator,,unknown,,r/rfc3986-validator/rfc3986-validator_ubi_8.4.sh,,,unknown,low,30
rkhunter,,unknown,,r/rkhunter/rkhunter_rhel_7.2.sh,,,unknown,low,30
rocketchat,,node,,r/rocketchat/rocketchat_6.11.1_ubi_9.3.sh,,,pending,medium,17
rootsh,,unknown,,r/rootsh/rootsh_sles12_sp2.sh,,,unknown,low,30
rsem,,unknown,,r/rsem/rsem_rhel_7.3.sh,,,unknown,low,30
rules_python,,starlark,,r/rules_python/rules_python_ubi_9.3.sh,,,pending,high,25
rules_python,,starlark,,r/rules_python/rules_python_ubi_8.7.sh,,,pending,high,30
rules_rust,,starlark,,r/rules_rust/rules_rust_ubi_9.3.sh,,,pending,medium,20
rules_rust,,rust,,r/rules_rust/rules_rust_0.28.0_ubi8.7.sh,,,pending,medium,25
rules_rust,,starlark,,r/rules_rust/rules_rust_ubi_8.7.sh,,,pending,medium,25
samtools,,c,,s/samtools/samtools_ubi_8.7.sh,,,pending,low,20
samtools,,unknown,,s/samtools/samtools_rhel_7.3.sh,,,unknown,low,30
scala-collection-compat,,scala,,s/scala-collection-compat/scala-collection-compat_ubi_9.3.sh,,,pending,medium,20
semgrep,,ocaml,,s/semgrep/semgrep_ubi_9.3.sh,,,pending,medium,20
semgrep,,ocaml,,s/semgrep/semgrep_ubi_8.7.sh,,,pending,medium,25
sequenceread,,unknown,,s/sequenceread/sequenceread_rhel_7.3.sh,,,unknown,low,30
shapeless,,scala,,s/shapeless/shapeless_ubi_9_3.sh,,,unknown,low,25
simpleitk,,unknown,,s/simpleitk/simpleitk_master_rhel_8.3.sh,,,unknown,high,40
slurm,,c,,s/slurm/slurm_ubi_9.3.sh,,,pending,medium,20
snap,,c,,s/snap/snap_ubi_8_7.sh,,,pending,medium,25
snap,,unknown,,s/snap/snap_rhel_7.3.sh,,,unknown,low,30
snowball,,c,,s/snowball/snowball_ubi_8.7.sh,,,pending,low,20
snowball,,unknown,,s/snowball/snowball_rhel_7.3.sh,,,unknown,low,30
snowball,,unknown,,s/snowball/snowball_ubuntu_16.04.sh,,,unknown,low,30
sparsehash,,unknown,,s/sparsehash/sparsehash_rhel_7.3.sh,,,unknown,low,30
spdx-expression-parse.js,,node,,s/spdx-expression-parse.js/spdx-expression-parse-js_ubi_9_3.sh,,,pending,low,12
spdx-expression-parse.js,,node,,s/spdx-expression-parse.js/spdx-expression-parse-js_ubuntu_18.04.sh,,,unknown,low,27
spidermonkey,,unknown,,s/spidermonkey/spidermonkey_ubuntu_16.04.sh,,,unknown,low,30
spiped,,unknown,,s/spiped/spiped_rhel_8.3.sh,,,unknown,low,30
splitread,,unknown,,s/splitread/splitread_rhel_7.3.sh,,,unknown,low,30
springtie,,unknown,,s/springtie/springtie_rhel_7.2.sh,,,unknown,low,30
st2,,unknown,,s/st2/st2_ubi_8.2.sh,,,unknown,low,30
statsd-c-client,,unknown,,s/statsd-c-client/statsd-c-client_rhel_8.3.sh,,,unknown,low,30
stringtie,,unknown,,s/stringtie/stringtie_rhel_7.3.sh,,,unknown,low,30
sudosh2,,unknown,,s/sudosh2/sudosh2_sles12_sp2.sh,,,unknown,low,30
sudosh2,,unknown,,s/sudosh2/sudosh2_ubuntu_16.04.sh,,,unknown,low,30
swagger_spec_validator,,unknown,,s/swagger_spec_validator/swagger_spec_validator_ubi_8.3.sh,,,unknown,low,30
swift,,unknown,,s/swift/swift51_ubuntu_16.04.sh,,,unknown,medium,35
swift,,unknown,,s/swift/swift41_ubuntu_16.04.sh,,,unknown,high,40
swig,,unknown,,s/swig/swig_ubuntu_16.04.sh,,,unknown,low,30
tensorflow-datasets,,c,,t/tensorflow-datasets/tensorflow_datasets_4.9.7_ubi9.3.sh,,,pending,high,25
tf2onnx,,c,,t/tf2onnx/tf2onnx_ubi_9.3.sh,,,pending,high,25
theia-apps,,unknown,,t/theia-apps/theia-cpp-docker_master_rhel_7.6.sh,,,unknown,low,30
theia-apps,,unknown,,t/theia-apps/theia-docker_master_rhel_7.6.sh,,,unknown,low,30
theia-apps,,unknown,,t/theia-apps/theia-php-docker_master_rhel_7.6.sh,,,unknown,low,30
theia-apps,,unknown,,t/theia-apps/theia-python-docker_master_rhel_7.6.sh,,,unknown,low,30
thrift,,unknown,,t/thrift/thrift_ubi_8.5.sh,,,pending,low,20
tiff,,unknown,,t/tiff/tiff_rhel_7.3.sh,,,unknown,low,30
tini,,unknown,,t/tini/rhel7.9/build.sh,,,unknown,medium,35
tink,,unknown,,t/tink/tink_ubi_8.sh,,,unknown,medium,35
tokenizers,,c,,t/tokenizers/tokenizers_0.21.1_ubi_9.5.sh,,,pending,high,25
tokenizers,,c,,t/tokenizers/tokenizers_ubi_9.3.sh,,,pending,high,25
tokio,,rust,,t/tokio/tokio_1.41.1_ubi_9.3.sh,,,pending,medium,20
tonic,,rust,,t/tonic/tonic_0.12.3_ubi_9.3.sh,,,pending,medium,20
tophat,,unknown,,t/tophat/tophat_rhel_7.3.sh,,,unknown,low,30
torch7,,unknown,,t/torch7/torch7_ubuntu_16.04.sh,,,unknown,low,30
tower,,rust,,t/tower/tower_0.5.0_ubi_9.3.sh,,,pending,medium,20
tracing,,rust,,t/tracing/tracing_0.1.33_ubi_9.3.sh,,,pending,medium,20
tslib,,node,,t/tslib/tslib_ubi_8.7.sh,,,pending,low,17
twemproxy,,c,,t/twemproxy/twemproxy_ubi_9.3.sh,,,pending,low,15
twemproxy,,unknown,,t/twemproxy/twemproxy_rhel_7.3.sh,,,unknown,low,30
twemproxy,,unknown,,t/twemproxy/twemproxy_ubuntu_16.04.sh,,,unknown,low,30
ui-router,,node,,u/ui-router/ui-router_ubi_9.3.sh,,,pending,low,12
upload-scripts,,unknown,,gha-script/upload-scripts/upload_docker_image.sh,,,unknown,low,30
upload-scripts,,unknown,,gha-script/upload-scripts/upload_file.sh,,,unknown,low,30
upload-scripts,,unknown,,gha-script/upload-scripts/upload_wheel.sh,,,unknown,low,30
upload-scripts,,unknown,,script/upload-scripts/upload_docker_image.sh,,,unknown,low,30
upload-scripts,,unknown,,script/upload-scripts/upload_file.sh,,,unknown,low,30
upload-scripts,,unknown,,script/upload-scripts/upload_wheel.sh,,,unknown,low,30
valkey,,c,,v/valkey/valkey_9.0.1_ubi_9.6.sh,,,pending,low,15
varnish-cache,,unknown,,v/varnish-cache/varnish-cache_rhel_7.4.sh,,,unknown,low,30
varnish-cache,,unknown,,v/varnish-cache/varnish-cache_ubuntu_16.04.sh,,,unknown,low,30
vector,,rust,,v/vector/vector-v0.46.1-ubi9.5.sh,,,pending,medium,20
velvet,,unknown,,v/velvet/velvet_rhel_7.2.sh,,,unknown,low,30
webcolors,,unknown,,w/webcolors/webcolors_ubi_8.3.sh,,,unknown,low,30
wordsegment,,unknown,,w/wordsegment/wordsegment_ubi_8.3.sh,,,unknown,low,30
xerces,,unknown,,x/xerces/xerces-c_rhel_7.4.sh,,,unknown,low,30
xerces,,unknown,,x/xerces/xerces-c_ubuntu_16.04.sh,,,unknown,low,30
xerces-c,,c,,x/xerces-c/xerces-c_v3.2.5_ubi_9.sh,,,pending,low,15
xmlsec,,c,,x/xmlsec/xmlsec_ubi_8.5.sh,,,pending,low,20
xmlsec,,unknown,,x/xmlsec/xmlsec_rhel_7.4.sh,,,unknown,low,30
xxhash,,c,,x/xxhash/xxhash_ubi_9.3.sh,,,pending,low,15
xxhash,,c,,x/xxhash/xxhash_ubi_8.7.sh,,,pending,low,20
zeromq,,unknown,,z/zeromq/zmq_ubuntu_16.04.sh,,,unknown,low,30
zfp,,c,,z/zfp/zfp_1.0.1_ubi_9.5.sh,,,pending,medium,20
zfp,,c,,z/zfp/zfp_ubi_9.5.sh,,,pending,high,25
zkperl,,unknown,,z/zkperl/zkperl_ubuntu_18.04.sh,,,unknown,low,30
zlib,,c,,z/zlib/zlib_v1.3.1_ubi_9.3.sh,,,pending,low,15
zlib,,unknown,,z/zlib/zlib_rhel_7.3.sh,,,unknown,low,30
ztunnel,,rust,,z/ztunnel/ztunnel_ubi_9.4_v1.26.0.sh,,,pending,medium,20
