"markdown","${1:-","python","","m/markdown/markdown_ubi_9.3.sh","https://github.com/Python-Markdown/markdown","","markdown.sh","m/markdown","PRIMARY"
"numpy","v1.26.4","python","","n/numpy/numpy_ubi_9.3.sh","https://github.com/numpy/numpy.git","","numpy_ubi_9.3.sh","n/numpy",""
"pyiceberg","pyiceberg-0.8.1","python","","p/pyiceberg/pyiceberg_ubi_9.3.sh","https://github.com/apache/iceberg-python","","pyiceberg.sh","p/pyiceberg","PRIMARY"
"pyparsing","3.2.3","python","","p/pyparsing/pyparsing_ubi_9.3.sh","https://github.com/pyparsing/pyparsing.git","","pyparsing.sh","p/pyparsing","PRIMARY"
"pystan","3.10.0","python","","p/pystan/pystan_ubi_9.3.sh","https://github.com/stan-dev/pystan","","pystan.sh","p/pystan","PRIMARY"
"scikit-image","v0.24.0","python","","s/scikit-image/scikit-image_ubi_9.3.sh","https://github.com/scikit-image/scikit-image","","scikit-image.sh","s/scikit-image","PRIMARY"
"scikit-image","v0.26.0","python","","s/scikit-image/scikit-image_ubi_0.19.3_9.3.sh","https://github.com/scikit-image/scikit-image","","scikit-image_ubi_0.19.3_9.3.sh","s/scikit-image",""
"commons-compress","1.19","java","","c/commons-compress/commons-compress_1.19_1.18_1.9_ubi_8.3.sh","https://github.com/apache/commons-compress.git","","commons-compress_1.19_1.18_1.9_ubi_8.3.sh","c/commons-compress",""
"array_record","v0.5.0","python","","a/array_record/array_record_ubi_9.3.sh","https://github.com/google/array_record","","array_record.sh","a/array_record","PRIMARY"
"cassandra-java-driver","4.18.1","java","","c/cassandra-java-driver/cassandra-java-driver_ubi_9.3.sh","https://github.com/apache/cassandra-java-driver.git","","cassandra-java-driver.sh","c/cassandra-java-driver","PRIMARY"
"filebeat","v8.15.2","go","","f/filebeat/filebeat_ubi_8.10.sh","https://github.com/elastic/beats","","filebeat_ubi_8.10.sh","f/filebeat",""
"gensim","4.3.3","python","","g/gensim/gensim_4.3.3_ubi_9.5.sh","https://github.com/RaRe-Technologies/gensim","","gensim_4.3.3.sh","g/gensim","PRIMARY"
"go-metrics","master","go","","g/go-metrics/go-metrics_ubi_8.5.sh","https://github.com/rcrowley/go-metrics","","go-metrics_ubi_8.5.sh","g/go-metrics",""
"libvpx","v1.13.1","python","","l/libvpx/libvpx_ubi_9.3.sh","https://github.com/webmproject/libvpx","","libvpx.sh","l/libvpx","PRIMARY"
"neo4j","5.9.0","java","","n/neo4j/neo4j-5.9.0-ubi8.7.sh","https://github.com/neo4j/neo4j.git","","neo4j-5.9.0-ubi8.7.sh","n/neo4j",""
"nova","29.1.0","python","","n/nova/nova_ubi_9.3.sh","https://github.com/openstack/nova","","nova.sh","n/nova","PRIMARY"
"opus","v1.3.1","python","","o/opus/opus_ubi_9.3.sh","https://github.com/xiph/opus","","opus.sh","o/opus","PRIMARY"
"pytorch","v2.6.0","python","","p/pytorch/pytorch_2.6.0_ubi_9.3.sh","https://github.com/pytorch/pytorch.git","","pytorch_2.6.0.sh","p/pytorch","PRIMARY"
"scikit-learn","1.6.1","python","","s/scikit-learn/scikit-learn_ubi_9.3.sh","https://github.com/scikit-learn/scikit-learn.git","","scikit-learn.sh","s/scikit-learn","PRIMARY"
"sentencepiece","v0.2.0","python","","s/sentencepiece/sentencepiece_0.2.0_ubi_9.3.sh","https://github.com/google/sentencepiece.git","","sentencepiece_0.2.0.sh","s/sentencepiece","PRIMARY"
"spring-boot","v4.0.0","java","","s/spring-boot/springboot_ubi_9.3.sh","https://github.com/spring-projects/spring-boot","","springboot.sh","s/spring-boot","PRIMARY"
"spring-framework","v6.0.19","java","","s/spring-framework/spring-framework_ubi_9.3.sh","https://github.com/spring-projects/spring-framework.git","","spring-framework.sh","s/spring-framework","PRIMARY"
"utf8proc","v2.6.1","python","","u/utf8proc/utf8proc_ubi_9.3.sh","https://github.com/JuliaStrings/utf8proc.git","","utf8proc.sh","u/utf8proc","PRIMARY"
"xgboost","v3.1.3","python","","x/xgboost/xgboost_3.0.1_ubi_9.3.sh","https://github.com/dmlc/xgboost","","xgboost_3.0.1.sh","x/xgboost","PRIMARY"
"dc-js","4.2.7","node","","d/dc-js/dc-js_v4.2.7_ubuntu_18.04.sh","https://github.com/dc-js/dc.js.git","","dc-js_v4.2.7_ubuntu_18.04.sh","d/dc-js",""
"archiver","v3.5.0","go","","a/archiver/archiver_ubi_8.4.sh","https://github.com/mholt/archiver","","archiver_ubi_8.4.sh","a/archiver",""
"drupal_libraries","8.x-3.0-beta1","php","","d/drupal_libraries/drupal_libraries_ubi_8.5.sh","https://git.drupalcode.org/project/libraries.git","","drupal_libraries.sh","d/drupal_libraries","PRIMARY"
"elastic","v7.0.22","go","","e/elastic/elastic_ubi_8.5.sh","https://github.com/olivere/elastic","","elastic.sh","e/elastic","PRIMARY"
"etcd_bbolt","v1.3.3","go","","e/etcd_bbolt/etcd_bbolt_ubi8.4.sh","https://github.com/etcd-io/bbolt","","etcd_bbolt.sh","e/etcd_bbolt","PRIMARY"
"github.com__uber__jaeger-lib","v2.2.0+incompatible","go","","g/github.com__uber__jaeger-lib/github.com__uber__jaeger-lib_rhel_8.3.sh","https://github.com/uber/jaeger-lib","","github.com__uber__jaeger-lib.sh","g/github.com__uber__jaeger-lib","PRIMARY"
"htmlpurifier","4.14.0","php","","h/htmlpurifier/htmlpurifier_ubi_8.3.sh","https://github.com/ezyang/htmlpurifier.git","","htmlpurifier.sh","h/htmlpurifier","PRIMARY"
"jaegertracing","v1.30.0","go","","j/jaegertracing/jaegertracing_ubi_8.3.sh","https://github.com/jaegertracing/jaeger.git","","jaegertracing_ubi_8.3.sh","j/jaegertracing",""
"msgp","v1.1.3","go","","m/msgp/msgp_ubi8.4.sh","https://github.com/tinylib/msgp","","msgp.sh","m/msgp","PRIMARY"
"onnxconverter-common","v1.14.0","python","","o/onnxconverter-common/onnxconvertercommon_ubi_9.3.sh","https://github.com/microsoft/onnxconverter-common","","onnxconvertercommon.sh","o/onnxconverter-common","PRIMARY"
"onnxmltools","v1.13","python","","o/onnxmltools/onnxmltools_ubi_9.3.sh","https://github.com/onnx/onnxmltools","","onnxmltools.sh","o/onnxmltools","PRIMARY"
"opensearch-project-query-insights","$SCRIPT_PACKAGE_VERSION","java","","o/opensearch-project-query-insights/opensearch-project-query-insights_3.3.0.0_ubi_9.6.sh","https://github.com/${PACKAGE_ORG}/${PACKAGE_NAME}.git","","opensearch-project-query-insights_3.3.0.0.sh","o/opensearch-project-query-insights","PRIMARY"
"opentelemetry-cpp","v1.8.0","go","","o/opentelemetry-cpp/opentelemetry-cpp_ubi_8.5.sh","https://github.com/open-telemetry/opentelemetry-cpp","","opentelemetry-cpp_ubi_8.5.sh","o/opentelemetry-cpp",""
"phpunit","9.0.0","php","","p/phpunit/phpunit_ubi8.sh","https://github.com/sebastianbergmann/phpunit","","phpunit.sh","p/phpunit","PRIMARY"
"pyarrow","apache-arrow-15.0.1","python","","p/pyarrow/pyarrow_15.0.1_ubi_9.3.sh","https://github.com/apache/arrow.git","","pyarrow_15.0.1_ubi_9.3.sh","p/pyarrow",""
"skl2onnx","v1.18","python","","s/skl2onnx/skl2onnx_ubi_9.3.sh","https://github.com/onnx/sklearn-onnx.git","","skl2onnx.sh","s/skl2onnx","PRIMARY"
"streadway_handy","v0.0.0-20190108123426-d5acb3125c2a","go","","s/streadway_handy/streadway_handy_ubi8.5.sh","https://github.com/streadway/handy","","streadway_handy_ubi8.5.sh","s/streadway_handy",""
"symfony__var-dumper","v5.3.0","php","","s/symfony__var-dumper/symfony__var-dumper.sh","https://github.com/symfony/var-dumper","","symfony__var-dumper.sh","s/symfony__var-dumper","PRIMARY"
"tensorflow","v2.13.0","python","","t/tensorflow/tensorflow_ubi_9.3.sh","https://github.com/tensorflow/tensorflow","","tensorflow_ubi_9.3.sh","t/tensorflow",""
"tensorflow-io","v0.35.0","python","","t/tensorflow-io/tensorflow-io_ubi_9.3.sh","https://github.com/tensorflow/io.git","","tensorflow-io.sh","t/tensorflow-io","PRIMARY"
"tensorflow_model_optimization","v0.8.0","python","","t/tensorflow_model_optimization/tensorflow_model_optimization_ubi_9.3.sh","https://github.com/tensorflow/model-optimization","","tensorflow_model_optimization.sh","t/tensorflow_model_optimization","PRIMARY"
"torchaudio","v2.7.1","python","","t/torchaudio/torchaudio_ubi_9.3.sh","https://github.com/pytorch/audio.git","","torchaudio_ubi_9.3.sh","t/torchaudio",""
"torchvision","v0.22.0","python","","t/torchvision/torchvision_ubi_9.3.sh","https://github.com/pytorch/vision.git","","torchvision_ubi_9.3.sh","t/torchvision",""
"vllm","v0.10.0","python","","v/vllm/vllm_v0.10.0_ubi_9.3.sh","https://github.com/vllm-project/vllm.git","","vllm_v0.10.0.sh","v/vllm","PRIMARY"
"google-cloud-go","${1:-","go","","g/google-cloud-go/google-cloud-go_ubi8.5.sh","https://github.com/googleapis/google-cloud-go","","google-cloud-go.sh","g/google-cloud-go","PRIMARY"
"gha-script","","python","","gha-script/build_wheels.sh","","","build_wheels.sh","gha-script/build_wheels.sh","PRIMARY"
"gha-script","","python","","gha-script/pre_process.sh","","","pre_process.sh","gha-script/build_wheels.sh",""
"gha-script","","python","","gha-script/read_buildinfo.sh","","","read_buildinfo.sh","gha-script/build_wheels.sh",""
"gha-script","","python","","gha-script/create_wheel_wrapper.sh","","","create_wheel_wrapper.sh","gha-script/build_wheels.sh",""
"runtime-spec","v1.0.0","go","","r/runtime-spec/runtime-spec_ubi_8.5.sh","https://github.com/opencontainers/runtime-spec","","runtime-spec.sh","r/runtime-spec","PRIMARY"
"scanner-scripts","","python","","gha-script/scanner-scripts/scancode_wheel_scan.sh","https://github.com/nexB/scancode-toolkit.git","","scancode_wheel_scan.sh","gha-script/scanner-scripts",""
"openssl","openssl-3.0.0-alpha17","java","","o/openssl/openssl_ubi_8.3.sh","https://github.com/openssl/openssl.git","","openssl.sh","o/openssl","PRIMARY"
"universal-translator","v0.18.0","go","","u/universal-translator/universal-translator_ubi_8.4.sh","https://github.com/go-playground/universal-translator.git","","universal-translator.sh","u/universal-translator","PRIMARY"
