pr_number,pr_title,filename,status,owner,reviewers
7852,Upload wheel build logs to cos,.github/workflows/currency-build.yaml,modified,stutiibm,
7852,Upload wheel build logs to cos,gha-script/build_wheels.sh,modified,stutiibm,
7851,Refactor TensorFlow setup script for compatibility,t/tensorflow/tensorflow_ubi_9.3.sh,modified,stutiibm,
7850,updated the dockerfile for searxng.,s/searxng/Dockerfiles/master_ubi9.6/Dockerfile,modified,Amitkumar282,
7850,updated the dockerfile for searxng.,s/searxng/Dockerfiles/master_ubi9.6/entrypoint.sh,modified,Amitkumar282,
7849,Added numba-0.59.0 script,n/numba/build_info.json,modified,rushi-sathe,
7849,Added numba-0.59.0 script,n/numba/numba_0.59.0_ubi_9.6.sh,added,rushi-sathe,
7848,Fix tensorflow-io,t/tensorflow-io/tensorflow-io_ubi_9.3.sh,modified,pooja0805,shubham-dayma-ibm
7846,Create and validate langflow_v1.7.3 on power (ubi:9.6),l/langflow/build_info.json,modified,Amitkumar282,
7846,Create and validate langflow_v1.7.3 on power (ubi:9.6),l/langflow/langflow_v1.7.3.patch,added,Amitkumar282,
7846,Create and validate langflow_v1.7.3 on power (ubi:9.6),l/langflow/langflow_v1.7.3_ubi_9.6.sh,added,Amitkumar282,
7837,CatBoost 1.2.7 build files for UBI 9.6,c/catboost/Dockerfiles/v1.2.7_ubi_9.6/Dockerfile,added,veenious,
7837,CatBoost 1.2.7 build files for UBI 9.6,c/catboost/build_info.json,modified,veenious,
7837,CatBoost 1.2.7 build files for UBI 9.6,c/catboost/catboost-1.2.7_ubi_9.6.sh,added,veenious,
7829,Adding patch to remove commercial code from torch vision v0.25.0,t/torchvision/0001-Exclude-source-that-has-commercial-license_v0.25.0.patch,added,adarshagrawal38,
7820,Pyzmq python 3.12 script added and tested,p/pyzmq/build_info.json,modified,smartvibs8876,
7820,Pyzmq python 3.12 script added and tested,p/pyzmq/pyzmq_v26.2.1_ubi_9.3.sh,added,smartvibs8876,
7819,Added numba-0.59.0 script,n/numba/build_info.json,modified,rushi-sathe,shubham-dayma-ibm
7819,Added numba-0.59.0 script,n/numba/numba_0.59.0_ubi_9.6.sh,added,rushi-sathe,shubham-dayma-ibm
7806,Fixed a typo in RUNTESTS flag for query-insights 3.3.0.0,o/opensearch-project-query-insights/opensearch-project-query-insights_3.3.0.0_ubi_9.6.sh,modified,rusiyamanya,
7795,Add build script for vLLM v0.11.1,v/vllm/build_info.json,modified,Akashcodes732,"Akashcodes732, anjiltech, shubham-dayma-ibm"
7795,Add build script for vLLM v0.11.1,v/vllm/vllm_v0.11.1_ubi_9.5.sh,added,Akashcodes732,"Akashcodes732, anjiltech, shubham-dayma-ibm"
7794,Python Ecosystem: Added build_script and build_info.json for PyYAML,P/PyYAML/LICENSE,added,OpenSource-Edge-for-IBM-Tool-1,
7794,Python Ecosystem: Added build_script and build_info.json for PyYAML,P/PyYAML/PyYAML_ubi_9.3.sh,added,OpenSource-Edge-for-IBM-Tool-1,
7777,Added build script for latest re2==2025.11.05,r/re2/build_info.json,modified,shivansh-ibm,
7777,Added build script for latest re2==2025.11.05,r/re2/re2_20251105_ubi_9.3.sh,added,shivansh-ibm,
7754,Fixing build script to install latest v7.2.1,p/psutil/build_info.json,modified,shivansh-ibm,shubham-dayma-ibm
7754,Fixing build script to install latest v7.2.1,p/psutil/psutil_7.2.1_ubi_9.3.sh,renamed,shivansh-ibm,shubham-dayma-ibm
7743,Add build script for thinc,t/thinc/LICENSE,added,varad-ahirwadkar,"nikhil-kalbande, shubham-dayma-ibm"
7743,Add build script for thinc,t/thinc/build_info.json,added,varad-ahirwadkar,"nikhil-kalbande, shubham-dayma-ibm"
7743,Add build script for thinc,t/thinc/thinc_ubi_9.6.sh,added,varad-ahirwadkar,"nikhil-kalbande, shubham-dayma-ibm"
7723,Added Dockerfile for Valkey 9.0.1 (bitnami variant) without currency,v/valkey-bv/Dockerfile,added,Pratikt2312,
7723,Added Dockerfile for Valkey 9.0.1 (bitnami variant) without currency,v/valkey-bv/LICENSE,added,Pratikt2312,
7723,Added Dockerfile for Valkey 9.0.1 (bitnami variant) without currency,v/valkey-bv/README.md,added,Pratikt2312,
7719,OSE: Update vllm_v0.10.0_ubi_9.3.sh,v/vllm/vllm_v0.10.0_ubi_9.3.sh,modified,kiranNukal,
7717,Currency: spring-boot on currency,s/spring-boot/build_info.json,modified,karanam-santhosh,
7717,Currency: spring-boot on currency,s/spring-boot/springboot_ubi_9.3.sh,modified,karanam-santhosh,
7714,OSE: Added build-scripts for seaweedfs 4.07,s/seaweedfs/build_info.json,modified,prachi-gaonkar,
7714,OSE: Added build-scripts for seaweedfs 4.07,s/seaweedfs/seaweedfs_4.08_ubi_9.6.sh,added,prachi-gaonkar,
7708,Added script and build_info.json for transformers,t/transformers/LICENSE,added,rushi-sathe,
7708,Added script and build_info.json for transformers,t/transformers/build_info.json,added,rushi-sathe,
7708,Added script and build_info.json for transformers,t/transformers/transformers_ubi_9.6.sh,added,rushi-sathe,
7696,Updated build script for 18.0.0 to enable flight support within wheel,p/pyarrow/pyarrow_15.0.1_ubi_9.3.sh,modified,shivansh-ibm,shubham-dayma-ibm
7693,Improve ollama: add the paramater for the version number exmpale:#> o…,o/ollama/Dockerfiles/v0.13.5_ubi_9/Dockerfile,modified,ALutz273,
7654,scikit-image: 0.26.0,s/scikit-image/build_info.json,modified,LenzieCamiloIBM,
7654,scikit-image: 0.26.0,s/scikit-image/scikit-image_ubi_0.19.3_9.3.sh,modified,LenzieCamiloIBM,
7654,scikit-image: 0.26.0,s/scikit-image/scikit-image_ubi_9.3.sh,modified,LenzieCamiloIBM,
7653,Docker image for litellm-pgvector,l/litellm-pgvector/Dockerfiles/pgvector-litellm_python312_main/Dockerfile,added,purvanaik1,
7653,Docker image for litellm-pgvector,l/litellm-pgvector/LICENSE,added,purvanaik1,
7653,Docker image for litellm-pgvector,l/litellm-pgvector/build_info.json,added,purvanaik1,
7633,Modified script for pyarrow 14.0.1,p/pyarrow/build_info.json,modified,SakshiJain0302,shubham-dayma-ibm
7633,Modified script for pyarrow 14.0.1,p/pyarrow/pyarrow_14.0.1_ubi_9.3.sh,renamed,SakshiJain0302,shubham-dayma-ibm
7616,Python Ecosystem: Added build_script and build_info.json for fastavro,f/fastavro/LICENSE,added,OpenSource-Edge-for-IBM-Tool-1,
7616,Python Ecosystem: Added build_script and build_info.json for fastavro,f/fastavro/build_info.json,added,OpenSource-Edge-for-IBM-Tool-1,
7616,Python Ecosystem: Added build_script and build_info.json for fastavro,f/fastavro/fastavro_ubi_9.3.sh,added,OpenSource-Edge-for-IBM-Tool-1,
7613,Python Ecosystem: Added build_script and build_info.json for murmurhash,m/murmurhash/LICENSE,added,OpenSource-Edge-for-IBM-Tool-1,
7613,Python Ecosystem: Added build_script and build_info.json for murmurhash,m/murmurhash/build_info.json,added,OpenSource-Edge-for-IBM-Tool-1,
7613,Python Ecosystem: Added build_script and build_info.json for murmurhash,m/murmurhash/murmurhash_ubi_9.3.sh,added,OpenSource-Edge-for-IBM-Tool-1,
7612,Python Ecosystem: Added build_script and build_info.json for lz4,l/lz4/build_info.json,added,OpenSource-Edge-for-IBM-Tool-1,
7612,Python Ecosystem: Added build_script and build_info.json for lz4,l/lz4/lz4_ubi_9.3.sh,added,OpenSource-Edge-for-IBM-Tool-1,
7609,Python Ecosystem: Added build_script and build_info.json for preshed,p/preshed/LICENSE,added,OpenSource-Edge-for-IBM-Tool-1,
7609,Python Ecosystem: Added build_script and build_info.json for preshed,p/preshed/build_info.json,added,OpenSource-Edge-for-IBM-Tool-1,
7609,Python Ecosystem: Added build_script and build_info.json for preshed,p/preshed/preshed_ubi_9.3.sh,added,OpenSource-Edge-for-IBM-Tool-1,
7608,Python Ecosystem: Added build_script and build_info.json for typed-ast,t/typed-ast/LICENSE,added,OpenSource-Edge-for-IBM-Tool-1,
7608,Python Ecosystem: Added build_script and build_info.json for typed-ast,t/typed-ast/build_info.json,added,OpenSource-Edge-for-IBM-Tool-1,
7608,Python Ecosystem: Added build_script and build_info.json for typed-ast,t/typed-ast/typed-ast_ubi_9.3.sh,added,OpenSource-Edge-for-IBM-Tool-1,
7606,Python Ecosystem: Added build_script and build_info.json for tree-sitter-python,t/tree-sitter-python/LICENSE,added,OpenSource-Edge-for-IBM-Tool-1,
7606,Python Ecosystem: Added build_script and build_info.json for tree-sitter-python,t/tree-sitter-python/build_info.json,added,OpenSource-Edge-for-IBM-Tool-1,
7606,Python Ecosystem: Added build_script and build_info.json for tree-sitter-python,t/tree-sitter-python/tree-sitter-python_ubi_9.3.sh,added,OpenSource-Edge-for-IBM-Tool-1,
7605,Python Ecosystem: Added build_script and build_info.json for tree-sitter-java,t/tree-sitter-java/LICENSE,added,OpenSource-Edge-for-IBM-Tool-1,
7605,Python Ecosystem: Added build_script and build_info.json for tree-sitter-java,t/tree-sitter-java/build_info.json,added,OpenSource-Edge-for-IBM-Tool-1,
7605,Python Ecosystem: Added build_script and build_info.json for tree-sitter-java,t/tree-sitter-java/tree-sitter-java_ubi_9.3.sh,added,OpenSource-Edge-for-IBM-Tool-1,
7604,Python Ecosystem: Added build_script and build_info.json for optree,o/optree/LICENSE,added,OpenSource-Edge-for-IBM-Tool-1,
7604,Python Ecosystem: Added build_script and build_info.json for optree,o/optree/build_info.json,added,OpenSource-Edge-for-IBM-Tool-1,
7604,Python Ecosystem: Added build_script and build_info.json for optree,o/optree/optree_ubi_9.3.sh,added,OpenSource-Edge-for-IBM-Tool-1,
7603,Python Ecosystem: Added build_script and build_info.json for PyNaCl,P/PyNaCl/LICENSE,added,OpenSource-Edge-for-IBM-Tool-1,
7603,Python Ecosystem: Added build_script and build_info.json for PyNaCl,P/PyNaCl/PyNaCl_ubi_9.3.sh,added,OpenSource-Edge-for-IBM-Tool-1,
7602,Python Ecosystem: Added build_script and build_info.json for jq,j/jq/build_info.json,added,OpenSource-Edge-for-IBM-Tool-1,
7602,Python Ecosystem: Added build_script and build_info.json for jq,j/jq/jq_ubi_9.3.sh,added,OpenSource-Edge-for-IBM-Tool-1,
7601,Python Ecosystem: Added build_script and build_info.json for srsly,s/srsly/LICENSE,added,OpenSource-Edge-for-IBM-Tool-1,
7601,Python Ecosystem: Added build_script and build_info.json for srsly,s/srsly/build_info.json,added,OpenSource-Edge-for-IBM-Tool-1,
7601,Python Ecosystem: Added build_script and build_info.json for srsly,s/srsly/srsly_ubi_9.3.sh,added,OpenSource-Edge-for-IBM-Tool-1,
7600,Python Ecosystem: Added build_script and build_info.json for onnxruntime-genai,o/onnxruntime-genai/LICENSE,added,OpenSource-Edge-for-IBM-Tool-1,
7600,Python Ecosystem: Added build_script and build_info.json for onnxruntime-genai,o/onnxruntime-genai/build_info.json,added,OpenSource-Edge-for-IBM-Tool-1,
7600,Python Ecosystem: Added build_script and build_info.json for onnxruntime-genai,o/onnxruntime-genai/onnxruntime-genai_ubi_9.3.sh,added,OpenSource-Edge-for-IBM-Tool-1,
7596,Python Ecosystem: Added build_script and build_info.json for pdfplumber,p/pdfplumber/LICENSE,added,OpenSource-Edge-for-IBM-Tool-1,
7596,Python Ecosystem: Added build_script and build_info.json for pdfplumber,p/pdfplumber/build_info.json,added,OpenSource-Edge-for-IBM-Tool-1,
7596,Python Ecosystem: Added build_script and build_info.json for pdfplumber,p/pdfplumber/pdfplumber_ubi_9.3.sh,added,OpenSource-Edge-for-IBM-Tool-1,
7595,Python Ecosystem: Added build_script and build_info.json for cohere,c/cohere/LICENSE,added,OpenSource-Edge-for-IBM-Tool-1,
7595,Python Ecosystem: Added build_script and build_info.json for cohere,c/cohere/build_info.json,added,OpenSource-Edge-for-IBM-Tool-1,
7595,Python Ecosystem: Added build_script and build_info.json for cohere,c/cohere/cohere_ubi_9.3.sh,added,OpenSource-Edge-for-IBM-Tool-1,
7594,Python Ecosystem: Added build_script and build_info.json for Pillow,P/Pillow/LICENSE,added,OpenSource-Edge-for-IBM-Tool-1,
7594,Python Ecosystem: Added build_script and build_info.json for Pillow,P/Pillow/Pillow_ubi_9.3.sh,added,OpenSource-Edge-for-IBM-Tool-1,
7592,"ODH:- Added build_script, license and build_info for sdg_hub",s/sdg_hub/LICENSE,added,bhagyashrigai,
7592,"ODH:- Added build_script, license and build_info for sdg_hub",s/sdg_hub/build_info.json,added,bhagyashrigai,
7592,"ODH:- Added build_script, license and build_info for sdg_hub",s/sdg_hub/sdg-hub_ubi_9.6.sh,added,bhagyashrigai,
7589,OSE: Added build_script & build_info.json for pulsar-client-cpp  v3.7.0,p/pulsar-client-cpp/LICENSE,added,kiranNukal,
7589,OSE: Added build_script & build_info.json for pulsar-client-cpp  v3.7.0,p/pulsar-client-cpp/build_info.json,added,kiranNukal,
7589,OSE: Added build_script & build_info.json for pulsar-client-cpp  v3.7.0,p/pulsar-client-cpp/pulsar-client-cpp_ubi_9.6.sh,added,kiranNukal,
7586,Gha workflow title change,.github/workflows/currency-build.yaml,modified,stutiibm,nikhil-kalbande
7568,Safetensors script,s/safetensors/LICENSE,added,rcarino5,"nikhil-kalbande, shubham-dayma-ibm"
7568,Safetensors script,s/safetensors/build_info.json,added,rcarino5,"nikhil-kalbande, shubham-dayma-ibm"
7568,Safetensors script,s/safetensors/safetensors_v0.5.3_ubi_9.6.sh,added,rcarino5,"nikhil-kalbande, shubham-dayma-ibm"
7555,feat: enhance build validation with log streaming and robust error handling,gha-script/validate_builds.py,modified,rahulssv-ibm,
7523,Fixing issues related to torchaudio GHA build for v2.8.0,t/torchaudio/0001-Exclude-source-that-has-commercial-license-code.patch,added,Simran-Sirsat,
7523,Fixing issues related to torchaudio GHA build for v2.8.0,t/torchaudio/build_info.json,modified,Simran-Sirsat,
7523,Fixing issues related to torchaudio GHA build for v2.8.0,t/torchaudio/torchaudio_ubi_9.3.sh,modified,Simran-Sirsat,
7523,Fixing issues related to torchaudio GHA build for v2.8.0,t/torchaudio/torchaudio_v2.8_ubi_9.6.sh,added,Simran-Sirsat,
7522,Adding Support for torchvision==0.23.0 on Power.,t/torchvision/0001-Exclude-source-that-has-commercial-license_v0.23.0.patch,added,Simran-Sirsat,
7522,Adding Support for torchvision==0.23.0 on Power.,t/torchvision/build_info.json,modified,Simran-Sirsat,
7522,Adding Support for torchvision==0.23.0 on Power.,t/torchvision/torchvision_0.23.0_ubi_9.6.sh,added,Simran-Sirsat,
7517,"`scancode_wheel_scan.sh` Updates: Avoid installation if present, directory check, and additional echo commands for user ",.gitignore,added,rcarino5,"gerrith3, janani66"
7517,"`scancode_wheel_scan.sh` Updates: Avoid installation if present, directory check, and additional echo commands for user ",gha-script/scanner-scripts/scancode_wheel_scan.sh,modified,rcarino5,"gerrith3, janani66"
7511,"Added Dockerfile, build Info Json and License for litellm",l/litellm/Dockerfiles/1.79.x-python312/Dockerfile,added,purvanaik1,
7511,"Added Dockerfile, build Info Json and License for litellm",l/litellm/LICENSE,added,purvanaik1,
7510,Added a build script for onnxruntime1.23.2,o/onnxruntime/build_info.json,modified,BODAPATIMAHESH,"BODAPATIMAHESH, anjiltech, shubham-dayma-ibm"
7510,Added a build script for onnxruntime1.23.2,o/onnxruntime/onnxruntime_1.23.2_ubi_9.6.sh,added,BODAPATIMAHESH,"BODAPATIMAHESH, anjiltech, shubham-dayma-ibm"
7490,Fix Currency Dashboard errors for Miktex.,m/miktex/Dockerfiles/25.4_ubi_9/Dockerfile,renamed,Simran-Sirsat,
7490,Fix Currency Dashboard errors for Miktex.,m/miktex/Dockerfiles/25.4_ubi_9/entrypoint.sh,renamed,Simran-Sirsat,
7490,Fix Currency Dashboard errors for Miktex.,m/miktex/build_info.json,modified,Simran-Sirsat,
7490,Fix Currency Dashboard errors for Miktex.,m/miktex/miktex_v25.4_ubi_9.6.sh,renamed,Simran-Sirsat,
7485,Added array_record v0.8.1 patch,a/array_record/array_record_0.8.1.patch,added,rushi-sathe,"Archana-Shinde1, rushi-sathe"
7424,updated build script for array_record==0.8.1,a/array_record/array_record_ubi_9.3.sh,modified,shivansh-ibm,
7424,updated build script for array_record==0.8.1,a/array_record/build_info.json,modified,shivansh-ibm,
7423,Updated onnxconvertercommon_ubi_9.3.sh ,o/onnxconverter-common/onnxconvertercommon_ubi_9.3.sh,modified,rushi-sathe,
7422,Removed redundant commands,o/onnxmltools/onnxmltools_ubi_9.3.sh,modified,rushi-sathe,
7412,Added required pytest plugins for v7.1.0,p/psutil/build_info.json,modified,SakshiJain0302,"SakshiJain0302, SonalMahambrey1"
7412,Added required pytest plugins for v7.1.0,p/psutil/psutil_7.1.0_ubi_9.3.sh,renamed,SakshiJain0302,"SakshiJain0302, SonalMahambrey1"
7350,PR orc 1.9.0,o/orc/orc-test-case-failed-ppc64le.patch,added,vaibhav-bhadade,"SonalMahambrey1, shubham-dayma-ibm, vaibhav-bhadade"
7350,PR orc 1.9.0,o/orc/orc_ubi_9.3.sh,modified,vaibhav-bhadade,"SonalMahambrey1, shubham-dayma-ibm, vaibhav-bhadade"
7326,Pytest mock ubi9 migration,.gitignore,added,rcarino5,shubham-dayma-ibm
7326,Pytest mock ubi9 migration,p/pyro4/build_info.json,added,rcarino5,shubham-dayma-ibm
7326,Pytest mock ubi9 migration,p/pyro4/pyro4_4.82_ubi_9.3.sh,added,rcarino5,shubham-dayma-ibm
7326,Pytest mock ubi9 migration,p/pytest-mock/build_info.json,added,rcarino5,shubham-dayma-ibm
7326,Pytest mock ubi9 migration,p/pytest-mock/pytest-mock_ubi_9.3.sh,added,rcarino5,shubham-dayma-ibm
7324,Pyro4 ubi9 migration,.gitignore,added,rcarino5,shubham-dayma-ibm
7324,Pyro4 ubi9 migration,p/pyro4/build_info.json,added,rcarino5,shubham-dayma-ibm
7324,Pyro4 ubi9 migration,p/pyro4/pyro4_4.82_ubi_9.3.sh,added,rcarino5,shubham-dayma-ibm
7321,pako build changes,p/pako/pako_v2.1.0_ubi_9.5.sh,added,vikram9491,
7314,Update react-navigation: added  native and native-stack build changes,r/react-navigation/LICENSE,removed,vikram9491,
7314,Update react-navigation: added  native and native-stack build changes,r/react-navigation/native-stack/LICENSE,added,vikram9491,
7314,Update react-navigation: added  native and native-stack build changes,r/react-navigation/native-stack/build_info.json,added,vikram9491,
7314,Update react-navigation: added  native and native-stack build changes,r/react-navigation/native-stack/react-navigation-native-stack_v6.10.0_ubi_9.5.sh,added,vikram9491,
7314,Update react-navigation: added  native and native-stack build changes,r/react-navigation/native/LICENSE,added,vikram9491,
7314,Update react-navigation: added  native and native-stack build changes,r/react-navigation/native/build_info.json,renamed,vikram9491,
7314,Update react-navigation: added  native and native-stack build changes,r/react-navigation/native/react-navigation-native_v6.1.17_ubi_9.5.sh,renamed,vikram9491,
7288,Added pako package build script tested for ubi 9.5,p/pako/pako_v2.1.0_ubi_9.5.sh,added,AnushaIH11,
7277,Added codemirror build script tested for UBI 9.5,c/codemirror/codemirror_ubi_9_5.sh,added,AnushaIH11,
7277,Added codemirror build script tested for UBI 9.5,c/codemirror/newfile.sh,added,AnushaIH11,
7271,Build script added for Elastic search v9.0.4,e/elasticsearch/build_info.json,modified,rusiyamanya,
7271,Build script added for Elastic search v9.0.4,e/elasticsearch/elasticsearch_v9.0.4.patch,added,rusiyamanya,
7271,Build script added for Elastic search v9.0.4,e/elasticsearch/elasticsearch_v9.0.4_ubi_9.3.sh,added,rusiyamanya,
7184,Add openshift python package build script,o/openshift/LICENSE,added,Jenkins-J,
7184,Add openshift python package build script,o/openshift/build_info.json,added,Jenkins-J,
7184,Add openshift python package build script,o/openshift/openshift_ubi_9.3.sh,added,Jenkins-J,
7164,"Protobuf pin to 4.25.8, Numpy pin 2.0.2 and correction in numpy insta…",g/gensim/gensim_4.3.3_ubi_9.5.sh,modified,saisrivatsa,"Archana-Shinde1, cdeepali"
7164,"Protobuf pin to 4.25.8, Numpy pin 2.0.2 and correction in numpy insta…",p/pillow/pillow_v11.0.0_ubi_9.3.sh,modified,saisrivatsa,"Archana-Shinde1, cdeepali"
7164,"Protobuf pin to 4.25.8, Numpy pin 2.0.2 and correction in numpy insta…",p/pyav/pyav_ubi_9.3.sh,modified,saisrivatsa,"Archana-Shinde1, cdeepali"
7164,"Protobuf pin to 4.25.8, Numpy pin 2.0.2 and correction in numpy insta…",p/pytorch/pytorch_2.6.0_ubi_9.3.sh,modified,saisrivatsa,"Archana-Shinde1, cdeepali"
7164,"Protobuf pin to 4.25.8, Numpy pin 2.0.2 and correction in numpy insta…",s/scikit-learn/scikit-learn_ubi_9.3.sh,modified,saisrivatsa,"Archana-Shinde1, cdeepali"
7164,"Protobuf pin to 4.25.8, Numpy pin 2.0.2 and correction in numpy insta…",s/sentencepiece/sentencepiece_0.2.0_ubi_9.3.sh,modified,saisrivatsa,"Archana-Shinde1, cdeepali"
7164,"Protobuf pin to 4.25.8, Numpy pin 2.0.2 and correction in numpy insta…",s/skl2onnx/skl2onnx_ubi_9.3.sh,modified,saisrivatsa,"Archana-Shinde1, cdeepali"
7164,"Protobuf pin to 4.25.8, Numpy pin 2.0.2 and correction in numpy insta…",t/tensorflow-datasets/tensorflow_datasets_4.9.7_ubi9.3.sh,modified,saisrivatsa,"Archana-Shinde1, cdeepali"
7164,"Protobuf pin to 4.25.8, Numpy pin 2.0.2 and correction in numpy insta…",t/tensorflow-text/0001-update-pins-and-fix-build-failures.patch,modified,saisrivatsa,"Archana-Shinde1, cdeepali"
7164,"Protobuf pin to 4.25.8, Numpy pin 2.0.2 and correction in numpy insta…",t/tensorflow-text/tensorflow_text_2.18.1_ubi_9.3.sh,modified,saisrivatsa,"Archana-Shinde1, cdeepali"
7164,"Protobuf pin to 4.25.8, Numpy pin 2.0.2 and correction in numpy insta…",t/tensorflow/tensorflow_2.18.1_ubi9.3.sh,modified,saisrivatsa,"Archana-Shinde1, cdeepali"
7164,"Protobuf pin to 4.25.8, Numpy pin 2.0.2 and correction in numpy insta…",t/tensorflow/tf_2.18.1_fix.patch,modified,saisrivatsa,"Archana-Shinde1, cdeepali"
7164,"Protobuf pin to 4.25.8, Numpy pin 2.0.2 and correction in numpy insta…",t/tensorflow_model_optimization/tensorflow_model_optimization_ubi_9.3.sh,modified,saisrivatsa,"Archana-Shinde1, cdeepali"
7164,"Protobuf pin to 4.25.8, Numpy pin 2.0.2 and correction in numpy insta…",t/tf2onnx/tf2onnx_ubi_9.3.sh,modified,saisrivatsa,"Archana-Shinde1, cdeepali"
7164,"Protobuf pin to 4.25.8, Numpy pin 2.0.2 and correction in numpy insta…",t/torchaudio/torchaudio_ubi_9.3.sh,modified,saisrivatsa,"Archana-Shinde1, cdeepali"
7164,"Protobuf pin to 4.25.8, Numpy pin 2.0.2 and correction in numpy insta…",t/torchvision/torchvision_ubi_9.3.sh,modified,saisrivatsa,"Archana-Shinde1, cdeepali"
7164,"Protobuf pin to 4.25.8, Numpy pin 2.0.2 and correction in numpy insta…",x/xgboost/xgboost_3.0.1_ubi_9.3.sh,modified,saisrivatsa,"Archana-Shinde1, cdeepali"
7144,Add ansible-runner-http package build script,a/ansible-runner-http/LICENSE,added,Jenkins-J,
7144,Add ansible-runner-http package build script,a/ansible-runner-http/ansible-runner-http_ubi_9.3.sh,added,Jenkins-J,
7144,Add ansible-runner-http package build script,a/ansible-runner-http/build_info.json,added,Jenkins-J,
6534,"Currency:Added build-script,build_info.json for pystan",p/pystan/build_info.json,added,vinodk99,"shubham-dayma-ibm, vinodk99"
6534,"Currency:Added build-script,build_info.json for pystan",p/pystan/pystan_ubi_9.3.sh,added,vinodk99,"shubham-dayma-ibm, vinodk99"
6531,ODH: Added build script for py-spy,p/py-spy/LICENSE,added,Shafi-Hussain,
6531,ODH: Added build script for py-spy,p/py-spy/build_info.json,added,Shafi-Hussain,
6531,ODH: Added build script for py-spy,p/py-spy/py-spy_ubi_9.3.sh,added,Shafi-Hussain,
6253,Pyhive 0.7.0,p/pyhive/LICENSE,added,Jenkins-J,"Jenkins-J, nikhil-kalbande"
6253,Pyhive 0.7.0,p/pyhive/build_info.json,added,Jenkins-J,"Jenkins-J, nikhil-kalbande"
6253,Pyhive 0.7.0,p/pyhive/pyhive_ubi_9.3.sh,added,Jenkins-J,"Jenkins-J, nikhil-kalbande"
6217,Currency: Update build script for markdown 3.8,m/markdown/build_info.json,modified,miyamotoh,
6217,Currency: Update build script for markdown 3.8,m/markdown/markdown_ubi_9.3.sh,added,miyamotoh,
6130,Currency: Added build_script and build_info.json for pyiceberg,p/pyiceberg/build_info.json,modified,shubham-dayma-ibm,Jenkins-J
6130,Currency: Added build_script and build_info.json for pyiceberg,p/pyiceberg/pyiceberg_ubi_9.3.sh,modified,shubham-dayma-ibm,Jenkins-J
5815,Resolved git issue and build with latest version,3/3scale-apicast/apicast_ubi_9.3.sh,modified,Shubhamgupta1010,
5770,"Updated ""build_info and build_script"" files and Removed pyproject.toml files ",l/libvpx/build_info.json,modified,JeSh30,
5770,"Updated ""build_info and build_script"" files and Removed pyproject.toml files ",l/libvpx/libvpx_ubi_9.3.sh,modified,JeSh30,
5770,"Updated ""build_info and build_script"" files and Removed pyproject.toml files ",l/libvpx/pyproject.toml,removed,JeSh30,
5770,"Updated ""build_info and build_script"" files and Removed pyproject.toml files ",o/opus/build_info.json,modified,JeSh30,
5770,"Updated ""build_info and build_script"" files and Removed pyproject.toml files ",o/opus/opus_ubi_9.3.sh,modified,JeSh30,
5770,"Updated ""build_info and build_script"" files and Removed pyproject.toml files ",o/opus/pyproject.toml,removed,JeSh30,
5770,"Updated ""build_info and build_script"" files and Removed pyproject.toml files ",u/utf8proc/build_info.json,modified,JeSh30,
5770,"Updated ""build_info and build_script"" files and Removed pyproject.toml files ",u/utf8proc/pyproject.toml,removed,JeSh30,
5770,"Updated ""build_info and build_script"" files and Removed pyproject.toml files ",u/utf8proc/utf8proc_ubi_9.3.sh,modified,JeSh30,
5669,Pillow 11.1.0 build for ubi9.3,p/pillow/build_info.json,modified,onkar-kubal,
5669,Pillow 11.1.0 build for ubi9.3,p/pillow/pillow_v11.1.0_ubi_9.3.sh,added,onkar-kubal,
5639,Validate wheel on pr,f/filebeat/filebeat_ubi_8.10.sh,modified,saiNammi,
5639,Validate wheel on pr,script/check_build_scripts.sh,added,saiNammi,
5639,Validate wheel on pr,travis-currency-ymls/pr-build.yml,modified,saiNammi,
5605,Pytorch v2.6 on ubi9,p/pytorch/build_info.json,modified,onkar-kubal,
5605,Pytorch v2.6 on ubi9,p/pytorch/pytorch_v2.6.0_ubi_9.3.sh,added,onkar-kubal,
5563,pyarrow 19.1.0 on ppc64le using gcc 13,a/apache-arrow/arrow_ubi_9.3.sh,added,onkar-kubal,"npanpaliya, onkar-kubal"
5563,pyarrow 19.1.0 on ppc64le using gcc 13,a/apache-arrow/build_info.json,modified,onkar-kubal,"npanpaliya, onkar-kubal"
5496,Statsmodelsv0.14.4,s/statsmodels/statsmodels_0.14.4_ubi_9.3.sh,modified,Stacey-Ferreira,shubham-garud
5495,Build Script for apache-iceberg,a/apache-iceberg/LICENSE,added,onkar-kubal,
5495,Build Script for apache-iceberg,a/apache-iceberg/apache-iceberg-1.8.0.patch,added,onkar-kubal,
5495,Build Script for apache-iceberg,a/apache-iceberg/apache-iceberg-1.8.0_ubi_9.3.sh,added,onkar-kubal,
5495,Build Script for apache-iceberg,a/apache-iceberg/build_info.json,added,onkar-kubal,
5407,Added K8s hub 4.1.0 Dockerfile & created build-info.json,k/k8s-hub/Dockerfiles/7.x_ubi/Dockerfile,added,abhijeetdandekaribm,
5407,Added K8s hub 4.1.0 Dockerfile & created build-info.json,k/k8s-hub/Dockerfiles/7.x_ubi/README.md,added,abhijeetdandekaribm,
5407,Added K8s hub 4.1.0 Dockerfile & created build-info.json,k/k8s-hub/Dockerfiles/7.x_ubi/requirements.txt,added,abhijeetdandekaribm,
5407,Added K8s hub 4.1.0 Dockerfile & created build-info.json,k/k8s-hub/LICENSE,added,abhijeetdandekaribm,
5407,Added K8s hub 4.1.0 Dockerfile & created build-info.json,k/k8s-hub/build_info.json,added,abhijeetdandekaribm,
5406,Added MongoDB 7.x Dockerfile & Updated build-info.json,m/mongodb/Dockerfiles/7.x_ubi9/Dockerfile,added,abhijeetdandekaribm,
5406,Added MongoDB 7.x Dockerfile & Updated build-info.json,m/mongodb/Dockerfiles/7.x_ubi9/README.md,added,abhijeetdandekaribm,
5406,Added MongoDB 7.x Dockerfile & Updated build-info.json,m/mongodb/Dockerfiles/7.x_ubi9/docker-entrypoint.sh,added,abhijeetdandekaribm,
5406,Added MongoDB 7.x Dockerfile & Updated build-info.json,m/mongodb/build_info.json,modified,abhijeetdandekaribm,
5374,"ODH: Added build-script, build info and license for vllm",v/vllm/LICENSE,added,Shafi-Hussain,"Shafi-Hussain, npanpaliya"
5374,"ODH: Added build-script, build info and license for vllm",v/vllm/build_info.json,added,Shafi-Hussain,"Shafi-Hussain, npanpaliya"
5374,"ODH: Added build-script, build info and license for vllm",v/vllm/vllm_ubi_9.3.sh,added,Shafi-Hussain,"Shafi-Hussain, npanpaliya"
5350,build script for kong 3.9.0,k/kong/Dockerfile.kong-3.9.0-ubi-9.3,added,kavita-rane2,
5350,build script for kong 3.9.0,k/kong/Dockerfile.kong-3.9.0-ubuntu-20.04,added,kavita-rane2,
5350,build script for kong 3.9.0,k/kong/LICENSE,added,kavita-rane2,
5350,build script for kong 3.9.0,k/kong/build_info.json,added,kavita-rane2,
5350,build script for kong 3.9.0,k/kong/kong-3.9.0-rules_rust-0.42.1.patch,added,kavita-rane2,
5350,build script for kong 3.9.0,k/kong/kong-3.9.0-ubi-9.3.sh,added,kavita-rane2,
5350,build script for kong 3.9.0,k/kong/kong-3.9.0-ubuntu-20.04.sh,added,kavita-rane2,
5350,build script for kong 3.9.0,k/kong/kong-3.9.0.patch,added,kavita-rane2,
5337,Currency: Created build_script and build_info.json for filesystem_spec.,f/filesystem_spec/LICENSE,added,abhinav-kumar25,
5337,Currency: Created build_script and build_info.json for filesystem_spec.,f/filesystem_spec/build_info.json,added,abhinav-kumar25,
5337,Currency: Created build_script and build_info.json for filesystem_spec.,f/filesystem_spec/filesystem_spec_ubi_9.3.sh,added,abhinav-kumar25,
5328,Currency: Added build script for requests-oauthlib 1.3.0,r/requests-oauthlib/build_info.json,added,pranithraoibm,
5328,Currency: Added build script for requests-oauthlib 1.3.0,r/requests-oauthlib/requests-oauthlib_1.3.0_ubi_9.3.sh,added,pranithraoibm,
5324,Currency: Created build script and build_info.json for python-dateutil,p/python-dateutil/LICENSE,added,robin-ibm,
5324,Currency: Created build script and build_info.json for python-dateutil,p/python-dateutil/build_info.json,added,robin-ibm,
5324,Currency: Created build script and build_info.json for python-dateutil,p/python-dateutil/python-dateutil_ubi_9.3.sh,added,robin-ibm,
5323,Currency: Created build script and build_info.json for attrs,a/attrs/attrs_ubi_9.3.sh,added,abhinav-kumar25,
5323,Currency: Created build script and build_info.json for attrs,a/attrs/build_info.json,added,abhinav-kumar25,
5322,Currency: Created build script and build_info.json for async-timeout.,a/async-timeout/LICENSE,added,abhinav-kumar25,
5322,Currency: Created build script and build_info.json for async-timeout.,a/async-timeout/async-timeout_ubi_9.3.sh,added,abhinav-kumar25,
5322,Currency: Created build script and build_info.json for async-timeout.,a/async-timeout/build_info.json,added,abhinav-kumar25,
5316,Currency: Added build script for pyparsing 3.0.9,p/pyparsing/build_info.json,added,pranithraoibm,
5316,Currency: Added build script for pyparsing 3.0.9,p/pyparsing/pyparsing_ubi_9.3.sh,added,pranithraoibm,
5312,Currency: Added build script for pip 23.3,p/pip/LICENSE,added,pranithraoibm,
5312,Currency: Added build script for pip 23.3,p/pip/build_info.json,added,pranithraoibm,
5312,Currency: Added build script for pip 23.3,p/pip/pip_ubi_9.3.sh,added,pranithraoibm,
5300,Currency: Added build script for prompt-tookit 3.0.36,p/prompt-tookit/LICENSE,added,pranithraoibm,
5300,Currency: Added build script for prompt-tookit 3.0.36,p/prompt-tookit/build_info.json,added,pranithraoibm,
5300,Currency: Added build script for prompt-tookit 3.0.36,p/prompt-tookit/prompt-tookit_ubi_9.3.sh,added,pranithraoibm,
5298,Currency: Added build script for pooch 1.4.0,p/pooch/LICENSE,added,pranithraoibm,
5298,Currency: Added build script for pooch 1.4.0,p/pooch/build_info.json,added,pranithraoibm,
5298,Currency: Added build script for pooch 1.4.0,p/pooch/pooch_ubi_9.3.sh,added,pranithraoibm,
5286,"Currency: Created build_script, build_info.json for Parso",p/parso/LICENSE,added,robin-ibm,
5286,"Currency: Created build_script, build_info.json for Parso",p/parso/build_info.json,added,robin-ibm,
5286,"Currency: Created build_script, build_info.json for Parso",p/parso/parso_ubi_9.3.sh,added,robin-ibm,
5280,Currency: Created build script and build_info.json for fonttools,f/fonttools/LICENSE,added,abhinav-kumar25,
5280,Currency: Created build script and build_info.json for fonttools,f/fonttools/build_info.json,added,abhinav-kumar25,
5280,Currency: Created build script and build_info.json for fonttools,f/fonttools/fonttools_ubi_9.3.sh,added,abhinav-kumar25,
5274,Currency: Added build script for pickleshare 0.7.5,p/pickleshare/LICENSE,added,pranithraoibm,
5274,Currency: Added build script for pickleshare 0.7.5,p/pickleshare/build_info.json,added,pranithraoibm,
5274,Currency: Added build script for pickleshare 0.7.5,p/pickleshare/pickleshare_ubi_9.3.sh,added,pranithraoibm,
5273,Currency: Added build script for pathspec 0.10.3,p/pathspec/LICENSE,added,pranithraoibm,
5273,Currency: Added build script for pathspec 0.10.3,p/pathspec/build_info.json,added,pranithraoibm,
5273,Currency: Added build script for pathspec 0.10.3,p/pathspec/pathspec_ubi_9.3.sh,added,pranithraoibm,
5270, Currency: Created build script and build_info.json for opt_einsum,o/opt_einsum/LICENSE,added,robin-ibm,
5270, Currency: Created build script and build_info.json for opt_einsum,o/opt_einsum/build_info.json,added,robin-ibm,
5270, Currency: Created build script and build_info.json for opt_einsum,o/opt_einsum/opt_einsum_ubi_9.3.sh,added,robin-ibm,
5269,Currency: Added build script for partd 1.2.0,p/partd/build_info.json,modified,pranithraoibm,
5269,Currency: Added build script for partd 1.2.0,p/partd/partd_1.2.0_ubi_9.3.sh,added,pranithraoibm,
5267, Currency: Created build script and build_info.json for mypy_extensions,m/mypy_extensions/LICENSE,added,robin-ibm,
5267, Currency: Created build script and build_info.json for mypy_extensions,m/mypy_extensions/build_info.json,added,robin-ibm,
5267, Currency: Created build script and build_info.json for mypy_extensions,m/mypy_extensions/mypy_extensions_ubi_9.3.sh,added,robin-ibm,
5265,Currency: Created build script and build_info.json for nest-asyncio,n/nest-asyncio/LICENSE,added,robin-ibm,
5265,Currency: Created build script and build_info.json for nest-asyncio,n/nest-asyncio/build_info.json,added,robin-ibm,
5265,Currency: Created build script and build_info.json for nest-asyncio,n/nest-asyncio/nest-asyncio_ubi_9.3.sh,added,robin-ibm,
5252,Currency: Added build script for markdown 3.3.4,m/markdown/build_info.json,modified,pranithraoibm,
5252,Currency: Added build script for markdown 3.3.4,m/markdown/markdown_3.3.4_ubi_9.3.sh,added,pranithraoibm,
5247,Currency: Added build script for matplotlib-inline 0.1.6,m/matplotlib-inline/LICENSE,added,pranithraoibm,
5247,Currency: Added build script for matplotlib-inline 0.1.6,m/matplotlib-inline/build_info.json,added,pranithraoibm,
5247,Currency: Added build script for matplotlib-inline 0.1.6,m/matplotlib-inline/matplotlib-inline_ubi_9.3.sh,added,pranithraoibm,
5238,Currency: Added build script for locket 1.0.0,l/locket/LICENSE,added,pranithraoibm,
5238,Currency: Added build script for locket 1.0.0,l/locket/build_info.json,added,pranithraoibm,
5238,Currency: Added build script for locket 1.0.0,l/locket/locket_ubi_9.3.sh,added,pranithraoibm,
5229,Currency: Added build script for joblib 1.1.1,j/joblib/LICENSE,added,pranithraoibm,
5229,Currency: Added build script for joblib 1.1.1,j/joblib/build_info.json,added,pranithraoibm,
5229,Currency: Added build script for joblib 1.1.1,j/joblib/joblib_ubi_9.3.sh,added,pranithraoibm,
5227,Currency: Added build script for jmespath 0.10.0,j/jmespath/LICENSE,added,pranithraoibm,
5227,Currency: Added build script for jmespath 0.10.0,j/jmespath/build_info.json,added,pranithraoibm,
5227,Currency: Added build script for jmespath 0.10.0,j/jmespath/jmespath_ubi_9.3.sh,added,pranithraoibm,
5212,Currency: Added build script for executing 0.8.3,e/executing/LICENSE,renamed,pranithraoibm,
5212,Currency: Added build script for executing 0.8.3,e/executing/build_info.json,added,pranithraoibm,
5212,Currency: Added build script for executing 0.8.3,e/executing/executing_0.8.3_ubi_9.3.sh,added,pranithraoibm,
5204,Currency: Added build script for filelock 3.9.0,f/filelock/LICENSE,added,pranithraoibm,
5204,Currency: Added build script for filelock 3.9.0,f/filelock/build_info.json,added,pranithraoibm,
5204,Currency: Added build script for filelock 3.9.0,f/filelock/filelock_ubi_9.3.sh,added,pranithraoibm,
5193,Currency: Created build script and build_info.json for Charset normalizer,c/charset-normalizer/LICENSE,added,robin-ibm,
5193,Currency: Created build script and build_info.json for Charset normalizer,c/charset-normalizer/build_info.json,added,robin-ibm,
5193,Currency: Created build script and build_info.json for Charset normalizer,c/charset-normalizer/charset-normalizer_ubi_9.3.sh,added,robin-ibm,
5190,Currency: updated build-script for comm 0.1.2,c/comm/LICENSE,added,abhijeetdandekaribm,
5190,Currency: updated build-script for comm 0.1.2,c/comm/build_info.json,added,abhijeetdandekaribm,
5190,Currency: updated build-script for comm 0.1.2,c/comm/comm_ubi_9.3.sh,added,abhijeetdandekaribm,
5188, Currency: Created build-script and build_info.json for Gast,g/gast/LICENSE,added,robin-ibm,
5188, Currency: Created build-script and build_info.json for Gast,g/gast/build_info.json,added,robin-ibm,
5188, Currency: Created build-script and build_info.json for Gast,g/gast/gast_ubi_9.3.sh,added,robin-ibm,
5187,Currency: updated build-script for Click 8.0.4,c/click/LICENSE,added,abhijeetdandekaribm,
5187,Currency: updated build-script for Click 8.0.4,c/click/build_info.json,added,abhijeetdandekaribm,
5187,Currency: updated build-script for Click 8.0.4,c/click/click_ubi_9.3.sh,added,abhijeetdandekaribm,
5179, Currency: updated build-script for Backcall 0.2.0,b/backcall/LICENSE,added,abhijeetdandekaribm,
5179, Currency: updated build-script for Backcall 0.2.0,b/backcall/backcall_ubi_9.3.sh,added,abhijeetdandekaribm,
5179, Currency: updated build-script for Backcall 0.2.0,b/backcall/build_info.json,added,abhijeetdandekaribm,
5178,Currency: updated build-script for Beautifulsoup4 4.12.0,b/beautifulsoup4/LICENSE,added,abhijeetdandekaribm,
5178,Currency: updated build-script for Beautifulsoup4 4.12.0,b/beautifulsoup4/beautifulsoup4_ubi_9.3.sh,added,abhijeetdandekaribm,
5178,Currency: updated build-script for Beautifulsoup4 4.12.0,b/beautifulsoup4/build_info.json,added,abhijeetdandekaribm,
5168,Currency: Added build script for botocore 1.27.59,b/botocore/LICENSE,added,pranithraoibm,
5168,Currency: Added build script for botocore 1.27.59,b/botocore/botocore_ubi_9.3.sh,added,pranithraoibm,
5168,Currency: Added build script for botocore 1.27.59,b/botocore/build_info.json,added,pranithraoibm,
4890,PR for java-cloudant,j/java-cloudant/LICENSE,added,mayurbhosure,
4890,PR for java-cloudant,j/java-cloudant/java-cloudant_ubi_9.3.sh,added,mayurbhosure,
4880,Currency: Added build script for OpenBao v2.1.0,o/openbao/LICENSE,added,Simran-Sirsat,
4880,Currency: Added build script for OpenBao v2.1.0,o/openbao/build_info.json,added,Simran-Sirsat,
4880,Currency: Added build script for OpenBao v2.1.0,o/openbao/openbao_v2.1.0.patch,added,Simran-Sirsat,
4880,Currency: Added build script for OpenBao v2.1.0,o/openbao/openbao_v2.1.0_ubi_9.3.sh,added,Simran-Sirsat,
4819,Neo4j ubi9,n/neo4j/build_info.json,modified,sid226,
4819,Neo4j ubi9,n/neo4j/neo4j-5.9.0-ubi8.7.sh,modified,sid226,
4819,Neo4j ubi9,n/neo4j/neo4j_ubi_9.3.sh,added,sid226,
4806,Updated torchvision build_script,t/torchvision/torchvision_ubi_9.3.sh,modified,Shafi-Hussain,npanpaliya
4805,"Currency: Added build-script, dockerfile and updated build_info.json for json4s",j/json4s/Dockerfiles/ubi_9.3/Dockerfile,added,pooja0805,
4805,"Currency: Added build-script, dockerfile and updated build_info.json for json4s",j/json4s/build_info.json,modified,pooja0805,
4805,"Currency: Added build-script, dockerfile and updated build_info.json for json4s",j/json4s/json4s_ubi_9.3.sh,added,pooja0805,
4790,"Currency: Added build_script, build_info.json and LICENSE for vllm",v/vllm/LICENSE,added,Shafi-Hussain,
4790,"Currency: Added build_script, build_info.json and LICENSE for vllm",v/vllm/build_info.json,added,Shafi-Hussain,
4790,"Currency: Added build_script, build_info.json and LICENSE for vllm",v/vllm/vllm_ubi_9.3.sh,added,Shafi-Hussain,
4770,Currency: Added build-script and build_info.json for isolated-vm,i/isolated-vm/LICENSE,added,pooja0805,
4770,Currency: Added build-script and build_info.json for isolated-vm,i/isolated-vm/build_info.json,added,pooja0805,
4770,Currency: Added build-script and build_info.json for isolated-vm,i/isolated-vm/isolated-vm_ubi_9.3.sh,added,pooja0805,
4709,Currency: Added latest netty-tcnative  ,n/netty-tcnative/build_info.json,modified,sid226,
4683,added script for rstudio-server,r/rstudio/build_info.json,added,tejasBadjateIBM,
4683,added script for rstudio-server,r/rstudio/rstudio-server.patch,added,tejasBadjateIBM,
4683,added script for rstudio-server,r/rstudio/rstudio_ubi_9.4.sh,added,tejasBadjateIBM,
4640,PR for create failsafe_ubi_9.3.sh,f/failsafe/failsafe_ubi_9.3.sh,added,mayurbhosure,
4613,PR for javax-persistence,j/javax.persistence/LICENSE,added,mayurbhosure,
4613,PR for javax-persistence,j/javax.persistence/javax.persistence_ubi_9.3.sh,added,mayurbhosure,
4560,PR for servlet,s/servlet/LICENSE,added,mayurbhosure,
4560,PR for servlet,s/servlet/servlet_ubi_9.3.sh,added,mayurbhosure,
4558,Currency: PR for perfmark,p/perfmark/LICENSE,added,mayurbhosure,
4558,Currency: PR for perfmark,p/perfmark/perfmark_ubi_9.3.sh,added,mayurbhosure,
4556,Currency: Created build_script and buiId_info.json for numpy[2.0.1],n/numpy/build_info.json,added,Chandan-Abhyankar,seth-priya
4556,Currency: Created build_script and buiId_info.json for numpy[2.0.1],n/numpy/numpy_ubi_8.10.sh,added,Chandan-Abhyankar,seth-priya
4556,Currency: Created build_script and buiId_info.json for numpy[2.0.1],n/numpy/numpy_ubi_9.3.sh,added,Chandan-Abhyankar,seth-priya
4555,PR for nimbus-jose-jwt,n/nimbus-jose-jwt/LICENSE,added,mayurbhosure,
4555,PR for nimbus-jose-jwt,n/nimbus-jose-jwt/nimbus-jose-jwt_ubi_9.3.sh,added,mayurbhosure,
4541,Currency: PR for spring-amqp,s/spring-amqp/LICENSE,added,mayurbhosure,
4541,Currency: PR for spring-amqp,s/spring-amqp/spring-amqp_ubi_9.3.sh,added,mayurbhosure,
4403,Currency: PR for gson-fire,g/gson-fire/build_info.json,added,mayurbhosure,
4403,Currency: PR for gson-fire,g/gson-fire/gson-fire_ubi_9.3.sh,added,mayurbhosure,
4323,Currency: Created Script for jsr107spec and added build_info and LICENSE file,j/jsr107spec/LICENSE,renamed,pratibh-ibm,
4323,Currency: Created Script for jsr107spec and added build_info and LICENSE file,j/jsr107spec/build_info.json,added,pratibh-ibm,
4323,Currency: Created Script for jsr107spec and added build_info and LICENSE file,j/jsr107spec/jsr107spec-v1.0.0_ubi_9.3.sh,added,pratibh-ibm,
4323,Currency: Created Script for jsr107spec and added build_info and LICENSE file,j/jsr107spec/jsr107spec_rhel_7.6.sh,renamed,pratibh-ibm,
4323,Currency: Created Script for jsr107spec and added build_info and LICENSE file,j/jsr107spec/jsr107spec_ubi_9.3.sh,added,pratibh-ibm,
4307,Currency: Added build-script and build_info.json for failsafe,f/failsafe/build_info.json,added,pooja0805,
4307,Currency: Added build-script and build_info.json for failsafe,f/failsafe/failsafe_ubi_9.3.sh,added,pooja0805,
4275,Currency: Added build script for OpenTofu v1.8.0,o/opentofu/LICENSE,added,Simran-Sirsat,
4275,Currency: Added build script for OpenTofu v1.8.0,o/opentofu/build_info.json,added,Simran-Sirsat,
4275,Currency: Added build script for OpenTofu v1.8.0,o/opentofu/opentofu_v1.8.0_patch.patch,added,Simran-Sirsat,
4275,Currency: Added build script for OpenTofu v1.8.0,o/opentofu/opentofu_v1.8.0_ubi_9.3.sh,added,Simran-Sirsat,
4198,Currency: Created spring-framework Script for v6.0.19 and added LICENSE and build_info file,s/spring-framework/LICENSE,added,pratibh-ibm,
4198,Currency: Created spring-framework Script for v6.0.19 and added LICENSE and build_info file,s/spring-framework/build_info.json,added,pratibh-ibm,
4198,Currency: Created spring-framework Script for v6.0.19 and added LICENSE and build_info file,s/spring-framework/spring-framework_ubi_9.3.sh,added,pratibh-ibm,
4185,Created Script for LatencyUtils and also added build_info.json,l/LatencyUtils/LatencyUtils_ubi_9.3.sh,added,santhoshkotla2929,
4185,Created Script for LatencyUtils and also added build_info.json,l/LatencyUtils/build_info.json,added,santhoshkotla2929,
4097,Currency: Created Script for log4j-api and added build_info file,l/log4j-api/build_info.json,added,pratibh-ibm,
4097,Currency: Created Script for log4j-api and added build_info file,l/log4j-api/log4j-api_ubi_9.3.sh,added,pratibh-ibm,
4096,Currency: Created Script for log4j-slf4j2-impl and added build_info file,l/log4j-slf4j-impl/build_info.json,added,pratibh-ibm,
4096,Currency: Created Script for log4j-slf4j2-impl and added build_info file,l/log4j-slf4j-impl/log4j-slf4j2-impl_ubi_9.3.sh,added,pratibh-ibm,
4093,Currency: Created Script for log4j-core and added build_info file,l/log4j-core/build_info.json,added,pratibh-ibm,
4093,Currency: Created Script for log4j-core and added build_info file,l/log4j-core/log4j-core_ubi_9.3.sh,added,pratibh-ibm,
4053,Created Script for json-smart-v3-accessors-smart and added build_info and LICENSE file,a/accessors-smart/build_info.json,added,pratibh-ibm,prachikurade1
4053,Created Script for json-smart-v3-accessors-smart and added build_info and LICENSE file,a/accessors-smart/json-smart-v2-accessors-smart_ubi_9.3.sh,added,pratibh-ibm,prachikurade1
4030,Currency : travis job fix definetlytyped,d/DefinitelyTyped/LICENSE,modified,AbhiIBM,
4030,Currency : travis job fix definetlytyped,d/DefinitelyTyped/build_info.json,modified,AbhiIBM,
4030,Currency : travis job fix definetlytyped,d/DefinitelyTyped/definitelytyped_ubi_9.3.sh,renamed,AbhiIBM,
4029,Currency: scalatest travis job fix and added ubi9.3 build-script.,s/scalatest/build_info.json,modified,AbhiIBM,nikhil-kalbande
4029,Currency: scalatest travis job fix and added ubi9.3 build-script.,s/scalatest/scalatest_ubi_9.3.sh,added,AbhiIBM,nikhil-kalbande
4028,Currency : created build-script and build_info for nova,n/nova/build_info.json,added,AbhiIBM,
4028,Currency : created build-script and build_info for nova,n/nova/nova_ubi_9.3.sh,added,AbhiIBM,
4023,enable support for activemq-artemis-operator on UBI 9.3,a/activemq-artemis-operator/activemq-artemis-operator_ubi_9.3.sh,added,shubham-bhagwat0,
3906,Currecny: Added build-script and build_info.json for dlib.,d/dlib/build_info.json,added,AbhiIBM,
3906,Currecny: Added build-script and build_info.json for dlib.,d/dlib/dlib_ubi_9.3.sh,added,AbhiIBM,
3883,Currency: Adding build-script and build_info for cassandra-java-driver,c/cassandra-java-driver/LICENSE,added,AbhiIBM,
3883,Currency: Adding build-script and build_info for cassandra-java-driver,c/cassandra-java-driver/build_info.json,added,AbhiIBM,
3883,Currency: Adding build-script and build_info for cassandra-java-driver,c/cassandra-java-driver/cassandra-java-driver_ubi_9.3.sh,added,AbhiIBM,
3860,Currency: Build script added for prometheus client model v0.6.1,p/prometheus_client_model/LICENSE,renamed,kumargauravshewale,
3860,Currency: Build script added for prometheus client model v0.6.1,p/prometheus_client_model/build_info.json,added,kumargauravshewale,
3860,Currency: Build script added for prometheus client model v0.6.1,p/prometheus_client_model/prometheus_client_model_ubi_8.5.sh,renamed,kumargauravshewale,
3860,Currency: Build script added for prometheus client model v0.6.1,p/prometheus_client_model/prometheus_client_model_ubi_9.3.sh,added,kumargauravshewale,
3859,"Currency: Added build_info.json , license and build script for go-sqlmock package",g/go-sqlmock/LICENSE,renamed,aayushi1105,
3859,"Currency: Added build_info.json , license and build script for go-sqlmock package",g/go-sqlmock/build_info.json,added,aayushi1105,
3859,"Currency: Added build_info.json , license and build script for go-sqlmock package",g/go-sqlmock/go-sqlmock_ubi_8.3.sh,renamed,aayushi1105,
3859,"Currency: Added build_info.json , license and build script for go-sqlmock package",g/go-sqlmock/go-sqlmock_ubi_9.3.sh,added,aayushi1105,
3850,"Currency : Added build_info.json , license and build script for flay package",f/flay/LICENSE,added,aayushi1105,
3850,"Currency : Added build_info.json , license and build script for flay package",f/flay/build_info.json,added,aayushi1105,
3850,"Currency : Added build_info.json , license and build script for flay package",f/flay/flay_ubi_9.3.sh,added,aayushi1105,
3848,Mocha automation,m/mocha/build_info.json,added,AbhiIBM,
3848,Mocha automation,m/mocha/mocha_ubi_9.3.sh,added,AbhiIBM,
3718,Updated the luajit2 script to build master branch,l/luajit2/build_info.json,added,alhad-deshpande,
3718,Updated the luajit2 script to build master branch,l/luajit2/luajit2-test-suite_master.patch,renamed,alhad-deshpande,
3718,Updated the luajit2 script to build master branch,l/luajit2/luajit2_master_ubi_9.6.sh,renamed,alhad-deshpande,
3718,Updated the luajit2 script to build master branch,l/luajit2/luajit2_v2.1-20230911.patch,removed,alhad-deshpande,
3613,build-script for alembic ,a/alembic/LICENSE,added,govindjadhav3,
3613,build-script for alembic ,a/alembic/alembic_ubi_8.7.sh,added,govindjadhav3,
3613,build-script for alembic ,a/alembic/build-info.json,added,govindjadhav3,
3590,Added build-sccript and build_info for Http2-wrapper package,h/http2-wrapper/LICENSE,added,mohitp333,
3590,Added build-sccript and build_info for Http2-wrapper package,h/http2-wrapper/build_info.json,added,mohitp333,
3590,Added build-sccript and build_info for Http2-wrapper package,h/http2-wrapper/http2_wrapper_ubi_9.3.sh,added,mohitp333,
3333,caikit-tgis-backend  Version v0.1.14 test and validation script,c/caikit-tgis-backend/LICENSE,added,Viren-Dalgade,
3333,caikit-tgis-backend  Version v0.1.14 test and validation script,c/caikit-tgis-backend/build_info.json,added,Viren-Dalgade,
3333,caikit-tgis-backend  Version v0.1.14 test and validation script,c/caikit-tgis-backend/caikit-tgis-backend_ubi_8.5.sh,added,Viren-Dalgade,
3306,Build-script for package data-science-pipelines-operator,d/data-science-pipelines-operator/LICENSE,added,vaishnavipatil3,
3306,Build-script for package data-science-pipelines-operator,d/data-science-pipelines-operator/data-science-pipelines-operator_ubi_8.5.sh,added,vaishnavipatil3,
3302,Add build script for odh-dashborad,o/odh-dashboard/LICENSE,added,SonalMahambrey1,
3302,Add build script for odh-dashborad,o/odh-dashboard/build_info.json,added,SonalMahambrey1,
3302,Add build script for odh-dashborad,o/odh-dashboard/odh_dashboard_ubi_8.5.sh,added,SonalMahambrey1,
3288,trustyai-explainability  Version 0.2.0 test and validation script,t/trustyai-explainability/LICENSE,added,Viren-Dalgade,
3288,trustyai-explainability  Version 0.2.0 test and validation script,t/trustyai-explainability/build_info.json,added,Viren-Dalgade,
3288,trustyai-explainability  Version 0.2.0 test and validation script,t/trustyai-explainability/trustyai-explainability_ubi_8.5.sh,added,Viren-Dalgade,
3258,added rstudio_ubi_8_6.sh,r/rstudio/rstudio_ubi_8_6.sh,added,Shantanu8268,
3237,rshiny-server v1.5.20.1002 test and validation script,r/Rshiny-server/LICENSE,added,ujwal-akare,
3237,rshiny-server v1.5.20.1002 test and validation script,r/Rshiny-server/buid_info.json,added,ujwal-akare,
3237,rshiny-server v1.5.20.1002 test and validation script,r/Rshiny-server/rshiny-server_ubi_8.7.sh,added,ujwal-akare,
3169,ansible branch devel test and validation script and dockerfile,a/ansible/Dockerfile,added,ashwinik30,
3169,ansible branch devel test and validation script and dockerfile,a/ansible/ansible_ubi_8_7.sh,added,ashwinik30,
3169,ansible branch devel test and validation script and dockerfile,a/ansible/build_info.json,added,ashwinik30,
3155,Added build-script and build_info.json for javaewah,j/javaewah/build_info.json,added,Valipi-Venkatesh,
3155,Added build-script and build_info.json for javaewah,j/javaewah/javaewah_ubi_8.5.sh,added,Valipi-Venkatesh,
3154,Added build-script and build_info.json for collectd,c/collectd/build_info.json,added,Valipi-Venkatesh,
3154,Added build-script and build_info.json for collectd,c/collectd/collectd_ubi_8.5.sh,added,Valipi-Venkatesh,
3147,Added build-script and build_info.json file for type-parser,t/type-parser/build_info.json,added,Valipi-Venkatesh,
3147,Added build-script and build_info.json file for type-parser,t/type-parser/typeparser_ubi_8.5.sh,added,Valipi-Venkatesh,
3143,Added build-script and build_info.json file for libuv,l/libuv/build_info.json,added,Valipi-Venkatesh,
3143,Added build-script and build_info.json file for libuv,l/libuv/libuv_ubi_8.5.sh,added,Valipi-Venkatesh,
3142,Added build-script and build_info.json file for directory_ldap_api,d/directory-ldap-api/build_info.json,added,Valipi-Venkatesh,
3142,Added build-script and build_info.json file for directory_ldap_api,d/directory-ldap-api/directory-ldap-api_ubi_8.5.sh,added,Valipi-Venkatesh,
3141,apache-thrift v 0.17.0 build and validate script,a/apache-thrift/LICENSE,added,ambujkumar3,
3141,apache-thrift v 0.17.0 build and validate script,a/apache-thrift/apache-thrift_17.0.0_ubi_8.5.sh,added,ambujkumar3,
3141,apache-thrift v 0.17.0 build and validate script,a/apache-thrift/apache-thrift_v17.0.0.patch,added,ambujkumar3,
3141,apache-thrift v 0.17.0 build and validate script,a/apache-thrift/build_info.json,added,ambujkumar3,
3132,kogito-apps version 1.36.1.Final test and validation script,k/kogito-apps/LICENSE,added,BhimraoPatil,
3132,kogito-apps version 1.36.1.Final test and validation script,k/kogito-apps/build_info.json,added,BhimraoPatil,
3132,kogito-apps version 1.36.1.Final test and validation script,k/kogito-apps/kogito-apps_ubi_8_7.sh,added,BhimraoPatil,
3129,Create kong 2.3.4 Dockerfile,e/elasticsearch/Dockerfiles/7.17.2_ibm_ubi_8/Dockerfile,added,DanielCasali,seth-priya
3129,Create kong 2.3.4 Dockerfile,e/elasticsearch/Dockerfiles/7.17.2_ibm_ubi_8/README.md,added,DanielCasali,seth-priya
3129,Create kong 2.3.4 Dockerfile,e/elasticsearch/Dockerfiles/7.17.2_ibm_ubi_8/bin/docker-entrypoint.sh,added,DanielCasali,seth-priya
3129,Create kong 2.3.4 Dockerfile,e/elasticsearch/Dockerfiles/7.17.2_ibm_ubi_8/bin/docker-openjdk,added,DanielCasali,seth-priya
3129,Create kong 2.3.4 Dockerfile,e/elasticsearch/Dockerfiles/7.17.2_ibm_ubi_8/config/elasticsearch.yml,added,DanielCasali,seth-priya
3129,Create kong 2.3.4 Dockerfile,e/elasticsearch/Dockerfiles/7.17.2_ibm_ubi_8/config/log4j2.properties,added,DanielCasali,seth-priya
3129,Create kong 2.3.4 Dockerfile,k/kong/2.1.4/BuildScriptForKong.sh,renamed,DanielCasali,seth-priya
3129,Create kong 2.3.4 Dockerfile,k/kong/2.1.4/Dockerfile,renamed,DanielCasali,seth-priya
3129,Create kong 2.3.4 Dockerfile,k/kong/2.3.4/Dockerfile,added,DanielCasali,seth-priya
3129,Create kong 2.3.4 Dockerfile,k/kong/2.3.4/OpenShift/db_deploy.yaml,added,DanielCasali,seth-priya
3129,Create kong 2.3.4 Dockerfile,k/kong/2.3.4/OpenShift/initjob/Dockerfile_initjob,added,DanielCasali,seth-priya
3129,Create kong 2.3.4 Dockerfile,k/kong/2.3.4/OpenShift/initjob/connector.lua,added,DanielCasali,seth-priya
3129,Create kong 2.3.4 Dockerfile,k/kong/2.3.4/OpenShift/initjob/initjob.yaml,added,DanielCasali,seth-priya
3129,Create kong 2.3.4 Dockerfile,k/kong/2.3.4/OpenShift/kong_deploy.yaml,added,DanielCasali,seth-priya
3114,Docker file for rstudio 1.4.1743 with R 4.2.0,r/rstudio/Dockerfiles/v1.4.1743/Dockerfile,added,ambujkumar3,
3046,"Adding buid-script for rabbitmq-server, version-v3.11.9",r/rabbitmq-server/rabbitmq-server_3.11.9_ubi_8.5.sh,added,amitmukati-2604,
3013,atlas-notification version 2.3.0 Build and validation script,a/atlas-notification/atlas-notification_2.3.0_ubi_8.5.sh,added,ambujkumar3,
3005,logstash Version 7.17.9 and Upstream test and validation script,l/logstash/logstash_7.17.9_ubi_8.5.sh,added,ambujkumar3,
2988,Adding build script for erlang/otp,e/erlang/erlang_ubi_8.5.sh,added,amitmukati-2604,
2974,luajit2 build script v2.1,l/luajit/LICENSE,added,vaibhav-bhadade,vikasgupta8
2974,luajit2 build script v2.1,l/luajit/luajit2,added,vaibhav-bhadade,vikasgupta8
2974,luajit2 build script v2.1,l/luajit/luajit2_ubi_8_5.sh,added,vaibhav-bhadade,vikasgupta8
2974,luajit2 build script v2.1,l/luajit/luajit_vm_ppc.patch,added,vaibhav-bhadade,vikasgupta8
2949,Build script for Tomcat,a/apache-tomcat/apache-tomcat_ubi_8.5.sh,added,HarithaPatchari054,"asowani, rashmi-ibm"
2898,"Adding build script, Dockerfile, build_info.json for Kibana v8.5.0",k/kibana/Dockerfiles/8.5.0_ubi_8/Dockerfile,added,vishakadesai,
2898,"Adding build script, Dockerfile, build_info.json for Kibana v8.5.0",k/kibana/Dockerfiles/8.5.0_ubi_8/bazelisk_v1.15.0_ppc64le.patch,added,vishakadesai,
2898,"Adding build script, Dockerfile, build_info.json for Kibana v8.5.0",k/kibana/Dockerfiles/8.5.0_ubi_8/bin/kibana-docker,added,vishakadesai,
2898,"Adding build script, Dockerfile, build_info.json for Kibana v8.5.0",k/kibana/Dockerfiles/8.5.0_ubi_8/config/kibana.yml,added,vishakadesai,
2898,"Adding build script, Dockerfile, build_info.json for Kibana v8.5.0",k/kibana/Dockerfiles/8.5.0_ubi_8/kibana_v8.5.0_ppc64le.patch,added,vishakadesai,
2898,"Adding build script, Dockerfile, build_info.json for Kibana v8.5.0",k/kibana/build_info.json,added,vishakadesai,
2898,"Adding build script, Dockerfile, build_info.json for Kibana v8.5.0",k/kibana/kibana_v8.5.0_ubi_8.5.sh,added,vishakadesai,
2893,Added buildscript for package  php-ext-brotli,p/php-ext-brotli/LICENSE,added,vathsalashetty25,
2893,Added buildscript for package  php-ext-brotli,p/php-ext-brotli/php-ext-brotli_ubi_8.5.sh,added,vathsalashetty25,
2879,Cockroachdb revamped,c/cockroachdb/Dockerfiles/v19.1.5/Dockerfiles/Dockerfile,renamed,reynold-vazp,
2879,Cockroachdb revamped,c/cockroachdb/Dockerfiles/v19.1.5/Dockerfiles/Dockerfile_debian9.8slim,renamed,reynold-vazp,
2879,Cockroachdb revamped,c/cockroachdb/Dockerfiles/v19.1.5/Dockerfiles/README.md,renamed,reynold-vazp,
2879,Cockroachdb revamped,c/cockroachdb/Dockerfiles/v19.1.5/Dockerfiles/cockroach.sh,renamed,reynold-vazp,
2879,Cockroachdb revamped,c/cockroachdb/Dockerfiles/v19.1.5/README.md,renamed,reynold-vazp,
2879,Cockroachdb revamped,c/cockroachdb/Dockerfiles/v19.1.5/cockroachdb_debian9.8slim.sh,renamed,reynold-vazp,
2879,Cockroachdb revamped,c/cockroachdb/Dockerfiles/v19.1.5/cockroachdb_ubi7.6.sh,renamed,reynold-vazp,
2879,Cockroachdb revamped,c/cockroachdb/Dockerfiles/v19.1.5/patches/cockroach_makefile.patch,renamed,reynold-vazp,
2879,Cockroachdb revamped,c/cockroachdb/Dockerfiles/v19.1.5/patches/jemalloc_stats_test.patch,renamed,reynold-vazp,
2879,Cockroachdb revamped,c/cockroachdb/Dockerfiles/v19.1.5/patches/rocksdb_cmakelists.patch,renamed,reynold-vazp,
2879,Cockroachdb revamped,c/cockroachdb/Dockerfiles/v19.1.8-oss/Dockerfiles/Dockerfile,renamed,reynold-vazp,
2879,Cockroachdb revamped,c/cockroachdb/Dockerfiles/v19.1.8-oss/Dockerfiles/README.md,renamed,reynold-vazp,
2879,Cockroachdb revamped,c/cockroachdb/Dockerfiles/v19.1.8-oss/Dockerfiles/cockroach.sh,renamed,reynold-vazp,
2879,Cockroachdb revamped,c/cockroachdb/Dockerfiles/v19.1.8-oss/README.md,renamed,reynold-vazp,
2879,Cockroachdb revamped,c/cockroachdb/Dockerfiles/v19.1.8-oss/cockroachdb_ubi7.sh,renamed,reynold-vazp,
2879,Cockroachdb revamped,c/cockroachdb/Dockerfiles/v19.1.8-oss/patches/cockroach_makefile.patch,renamed,reynold-vazp,
2879,Cockroachdb revamped,c/cockroachdb/Dockerfiles/v19.1.8-oss/patches/jemalloc_stats_test.patch,renamed,reynold-vazp,
2879,Cockroachdb revamped,c/cockroachdb/Dockerfiles/v19.1.8-oss/patches/rocksdb_cmakelists.patch,renamed,reynold-vazp,
2879,Cockroachdb revamped,c/cockroachdb/Dockerfiles/v19.1.8/Dockerfiles/Dockerfile,renamed,reynold-vazp,
2879,Cockroachdb revamped,c/cockroachdb/Dockerfiles/v19.1.8/Dockerfiles/README.md,renamed,reynold-vazp,
2879,Cockroachdb revamped,c/cockroachdb/Dockerfiles/v19.1.8/Dockerfiles/cockroach.sh,renamed,reynold-vazp,
2879,Cockroachdb revamped,c/cockroachdb/Dockerfiles/v19.1.8/README.md,renamed,reynold-vazp,
2879,Cockroachdb revamped,c/cockroachdb/Dockerfiles/v19.1.8/cockroachdb_ubi7.sh,renamed,reynold-vazp,
2879,Cockroachdb revamped,c/cockroachdb/Dockerfiles/v19.1.8/patches/cockroach_makefile.patch,renamed,reynold-vazp,
2879,Cockroachdb revamped,c/cockroachdb/Dockerfiles/v19.1.8/patches/jemalloc_stats_test.patch,renamed,reynold-vazp,
2879,Cockroachdb revamped,c/cockroachdb/Dockerfiles/v19.1.8/patches/rocksdb_cmakelists.patch,renamed,reynold-vazp,
2879,Cockroachdb revamped,c/cockroachdb/Dockerfiles/v19.2.10-oss/Dockerfiles/Dockerfile,renamed,reynold-vazp,
2879,Cockroachdb revamped,c/cockroachdb/Dockerfiles/v19.2.10-oss/Dockerfiles/README.md,renamed,reynold-vazp,
2879,Cockroachdb revamped,c/cockroachdb/Dockerfiles/v19.2.10-oss/Dockerfiles/cockroach.sh,renamed,reynold-vazp,
2879,Cockroachdb revamped,c/cockroachdb/Dockerfiles/v19.2.10-oss/README.md,renamed,reynold-vazp,
2879,Cockroachdb revamped,c/cockroachdb/Dockerfiles/v19.2.10-oss/cockroachdb_ubi8.sh,renamed,reynold-vazp,
2879,Cockroachdb revamped,c/cockroachdb/Dockerfiles/v19.2.10-oss/patches/arrow_memory.patch,renamed,reynold-vazp,
2879,Cockroachdb revamped,c/cockroachdb/Dockerfiles/v19.2.10-oss/patches/cockroach_makefile.patch,renamed,reynold-vazp,
2879,Cockroachdb revamped,c/cockroachdb/Dockerfiles/v19.2.10-oss/patches/jemalloc_stats_test.patch,renamed,reynold-vazp,
2879,Cockroachdb revamped,c/cockroachdb/Dockerfiles/v19.2.2/Dockerfiles/Dockerfile,renamed,reynold-vazp,
2879,Cockroachdb revamped,c/cockroachdb/Dockerfiles/v19.2.2/Dockerfiles/README.md,renamed,reynold-vazp,
2879,Cockroachdb revamped,c/cockroachdb/Dockerfiles/v19.2.2/Dockerfiles/cockroach.sh,renamed,reynold-vazp,
2879,Cockroachdb revamped,c/cockroachdb/Dockerfiles/v19.2.2/README.md,renamed,reynold-vazp,
2879,Cockroachdb revamped,c/cockroachdb/Dockerfiles/v19.2.2/cockroachdb_ubi7.6.sh,renamed,reynold-vazp,
2879,Cockroachdb revamped,c/cockroachdb/Dockerfiles/v19.2.2/patches/arrow_memory.patch,renamed,reynold-vazp,
2879,Cockroachdb revamped,c/cockroachdb/Dockerfiles/v19.2.2/patches/cockroach_makefile.patch,renamed,reynold-vazp,
2879,Cockroachdb revamped,c/cockroachdb/Dockerfiles/v19.2.2/patches/jemalloc_stats_test.patch,renamed,reynold-vazp,
2879,Cockroachdb revamped,c/cockroachdb/Dockerfiles/v19.2.2/patches/rocksdb_cmakelists.patch,renamed,reynold-vazp,
2879,Cockroachdb revamped,c/cockroachdb/Dockerfiles/v20.1.0-oss/Dockerfiles/Dockerfile,renamed,reynold-vazp,
2879,Cockroachdb revamped,c/cockroachdb/Dockerfiles/v20.1.0-oss/Dockerfiles/README.md,renamed,reynold-vazp,
2879,Cockroachdb revamped,c/cockroachdb/Dockerfiles/v20.1.0-oss/Dockerfiles/cockroach.sh,renamed,reynold-vazp,
2879,Cockroachdb revamped,c/cockroachdb/Dockerfiles/v20.1.0-oss/README.md,renamed,reynold-vazp,
2879,Cockroachdb revamped,c/cockroachdb/Dockerfiles/v20.1.0-oss/cockroachdb_ubi8.sh,renamed,reynold-vazp,
2879,Cockroachdb revamped,c/cockroachdb/Dockerfiles/v20.1.0-oss/patches/arrow_memory.patch,renamed,reynold-vazp,
2879,Cockroachdb revamped,c/cockroachdb/Dockerfiles/v20.1.0-oss/patches/cockroach_makefile.patch,renamed,reynold-vazp,
2879,Cockroachdb revamped,c/cockroachdb/Dockerfiles/v20.1.0-oss/patches/jemalloc_stats_test.patch,renamed,reynold-vazp,
2879,Cockroachdb revamped,c/cockroachdb/Dockerfiles/v20.1.12-oss/Dockerfiles/Dockerfile,renamed,reynold-vazp,
2879,Cockroachdb revamped,c/cockroachdb/Dockerfiles/v20.1.12-oss/Dockerfiles/README.md,renamed,reynold-vazp,
2879,Cockroachdb revamped,c/cockroachdb/Dockerfiles/v20.1.12-oss/Dockerfiles/cockroach.sh,renamed,reynold-vazp,
2879,Cockroachdb revamped,c/cockroachdb/Dockerfiles/v20.1.12-oss/README.md,renamed,reynold-vazp,
2879,Cockroachdb revamped,c/cockroachdb/Dockerfiles/v20.1.12-oss/cockroachdb_ubi8.sh,renamed,reynold-vazp,
2879,Cockroachdb revamped,c/cockroachdb/Dockerfiles/v20.1.12-oss/patches/arrow_memory.patch,renamed,reynold-vazp,
2879,Cockroachdb revamped,c/cockroachdb/Dockerfiles/v20.1.12-oss/patches/cockroach_makefile.patch,renamed,reynold-vazp,
2879,Cockroachdb revamped,c/cockroachdb/Dockerfiles/v20.1.12-oss/patches/jemalloc_stats_test.patch,renamed,reynold-vazp,
2879,Cockroachdb revamped,c/cockroachdb/Dockerfiles/v20.2.17-oss/Dockerfiles/Dockerfile,renamed,reynold-vazp,
2879,Cockroachdb revamped,c/cockroachdb/Dockerfiles/v20.2.17-oss/Dockerfiles/README.md,renamed,reynold-vazp,
2879,Cockroachdb revamped,c/cockroachdb/Dockerfiles/v20.2.17-oss/Dockerfiles/cockroach.sh,renamed,reynold-vazp,
2879,Cockroachdb revamped,c/cockroachdb/Dockerfiles/v20.2.17-oss/README.md,renamed,reynold-vazp,
2879,Cockroachdb revamped,c/cockroachdb/Dockerfiles/v20.2.17-oss/cockroachdb_ubi8.sh,renamed,reynold-vazp,
2879,Cockroachdb revamped,c/cockroachdb/Dockerfiles/v21.2.6-oss/Dockerfiles/Dockerfile,renamed,reynold-vazp,
2879,Cockroachdb revamped,c/cockroachdb/Dockerfiles/v21.2.6-oss/Dockerfiles/README.md,renamed,reynold-vazp,
2879,Cockroachdb revamped,c/cockroachdb/Dockerfiles/v21.2.6-oss/Dockerfiles/cockroach.sh,renamed,reynold-vazp,
2879,Cockroachdb revamped,c/cockroachdb/Dockerfiles/v21.2.6-oss/README.md,renamed,reynold-vazp,
2879,Cockroachdb revamped,c/cockroachdb/Dockerfiles/v21.2.6-oss/cockroachdb_ubi_8.5.sh,renamed,reynold-vazp,
2879,Cockroachdb revamped,c/cockroachdb/Dockerfiles/v22.1.5-oss/Dockerfiles/Dockerfile,renamed,reynold-vazp,
2879,Cockroachdb revamped,c/cockroachdb/Dockerfiles/v22.1.5-oss/Dockerfiles/README.md,renamed,reynold-vazp,
2879,Cockroachdb revamped,c/cockroachdb/Dockerfiles/v22.1.5-oss/Dockerfiles/cockroach.sh,renamed,reynold-vazp,
2879,Cockroachdb revamped,c/cockroachdb/Dockerfiles/v22.1.5-oss/README.md,renamed,reynold-vazp,
2879,Cockroachdb revamped,c/cockroachdb/Dockerfiles/v22.1.5-oss/cockroachdb_ubi_8.5.sh,renamed,reynold-vazp,
2879,Cockroachdb revamped,c/cockroachdb/Dockerfiles/v22.1.5-oss/patches/webpack_vendor.patch,renamed,reynold-vazp,
2879,Cockroachdb revamped,c/cockroachdb/Dockerfiles/v22.1.8-oss/Dockerfiles/Dockerfile,added,reynold-vazp,
2879,Cockroachdb revamped,c/cockroachdb/Dockerfiles/v22.1.8-oss/Dockerfiles/README.md,added,reynold-vazp,
2879,Cockroachdb revamped,c/cockroachdb/Dockerfiles/v22.1.8-oss/Dockerfiles/cockroach.sh,added,reynold-vazp,
2879,Cockroachdb revamped,c/cockroachdb/Dockerfiles/v22.1.8-oss/README.md,added,reynold-vazp,
2879,Cockroachdb revamped,c/cockroachdb/Dockerfiles/v22.1.8-oss/cockroach_ubi_8.6.sh,added,reynold-vazp,
2879,Cockroachdb revamped,c/cockroachdb/build_info.json,added,reynold-vazp,
2841,Added build script for symfony_config v3.4.47,s/symfony_config/symfony.patch,added,ShalmonTitre1,"ShalmonTitre1, seth-priya"
2841,Added build script for symfony_config v3.4.47,s/symfony_config/symfony_config_UBI_8.5.sh,added,ShalmonTitre1,"ShalmonTitre1, seth-priya"
2821,Adding opentelemetry-proto script for ubi 8.5,o/opentelemetry-proto/opentelemetry-proto_ubi_8.5.sh,added,adilhusain-s,seth-priya
2821,Adding opentelemetry-proto script for ubi 8.5,o/opentelemetry-proto/patch_build_tools,added,adilhusain-s,seth-priya
2818,Adding opentelemetry-proto-go for ubi 8.5,o/opentelemetry-proto-go/opentelemetry-proto-go_ubi_8.5.sh,added,adilhusain-s,
2818,Adding opentelemetry-proto-go for ubi 8.5,o/opentelemetry-proto-go/patch_build_tools,added,adilhusain-s,
2815,popper-core: renamed script and added support fot 2.9.2,p/popper.js/popper_ubi_8.3.sh,renamed,rajusah15,
2803,fsevents:addednewscripts,f/fsevents/LICENSE,added,ankitpar,
2803,fsevents:addednewscripts,f/fsevents/fseventsubi8.5.sh,added,ankitpar,
2797,Added build script for rican7/retry v0.1.0,r/rican7-retry/LICENSE,added,Shantanu8268,seth-priya
2797,Added build script for rican7/retry v0.1.0,r/rican7-retry/rican7_retry_ubi_8_5.sh,added,Shantanu8268,seth-priya
2791,sortable:addedscript,s/sortablejs/LICENSE,added,ankitpar,
2791,sortable:addedscript,s/sortablejs/sortablejsubi8.5.sh,added,ankitpar,
2791,sortable:addedscript,s/sortablejs/test.js,added,ankitpar,
2752,Apache beam,a/apache-beam/LICENSE,added,sachinkakatkar,
2752,Apache beam,a/apache-beam/apache_beam_go_ubi_8.5.sh,added,sachinkakatkar,
2748,Added Build script for sap_go-hdb v0.14.1,s/sap_go-hdb/LICENSE,added,Shantanu8268,
2748,Added Build script for sap_go-hdb v0.14.1,s/sap_go-hdb/README.md,added,Shantanu8268,
2748,Added Build script for sap_go-hdb v0.14.1,s/sap_go-hdb/sap_go-hdb_ubi_8_5.sh,added,Shantanu8268,
2736,Build script for Masterminds/vcs:v1.13.1,v/vcs/LICENSE,added,HarithaPatchari054,
2736,Build script for Masterminds/vcs:v1.13.1,v/vcs/vcs_ubi_8.5.sh,added,HarithaPatchari054,
2725,added build-script for markbates/pkger,p/pkger/LICENSE,added,rajusah15,
2725,added build-script for markbates/pkger,p/pkger/pkger_ubi_8.5.sh,added,rajusah15,
2723,Golang oauth2,o/oauth2/oauth2_ubi8.5.sh,added,BhimraoPatil,
2710,Added Build script for pborman/uuid ca53cad383cad2479bbba7f7a1a05797ec1386e4 ,p/pborman__uuid/pborman_uuid_ubi_8.5.sh,added,Shantanu8268,
2706,Matplotlib: Build script and patch file added for sub figure test fail,m/matplotlib/LICENSE,added,sachinkakatkar,
2706,Matplotlib: Build script and patch file added for sub figure test fail,m/matplotlib/matplotlib_ubi_8.5.sh,added,sachinkakatkar,
2706,Matplotlib: Build script and patch file added for sub figure test fail,m/matplotlib/test_subfigure_ss_fix.patch,added,sachinkakatkar,
2690,Added build script for caterpillar,c/caterpillar/LICENSE,added,saraswati-patra,
2690,Added build script for caterpillar,c/caterpillar/caterpillar_ubi_8.5.sh,added,saraswati-patra,
2689,added build-script for php_zip:1.20.0,p/php_zip/LICENSE,added,rajusah15,
2689,added build-script for php_zip:1.20.0,p/php_zip/php_zip_ubi_8.5.sh,added,rajusah15,
2683,Modified build-script for package go-playground/universal-translator …,u/universal-translator/universal-translator_ubi_8.4.sh,modified,vaishnavipatil3,
2682,drupal-entity_embed Version 8.x-1.1 build and validation script,d/drupal-entity_embed/LICENSE,added,ambujkumar3,seth-priya
2682,drupal-entity_embed Version 8.x-1.1 build and validation script,d/drupal-entity_embed/README.md,added,ambujkumar3,seth-priya
2682,drupal-entity_embed Version 8.x-1.1 build and validation script,d/drupal-entity_embed/drupal-entity_embed_ubi_8.5.sh,added,ambujkumar3,seth-priya
2674,Build-script for cloud.google.com/go/storage package version v1.3.0 &…,c/cloud.google.com-go-storage/LICENSE,added,vaishnavipatil3,
2674,Build-script for cloud.google.com/go/storage package version v1.3.0 &…,c/cloud.google.com-go-storage/cloud.google.com-go-storage_ubi_8.5.sh,added,vaishnavipatil3,
2667,Added build script for ambi,a/ambi/LICENSE,added,saraswati-patra,
2667,Added build script for ambi,a/ambi/ambi_ubi_8.5.sh,added,saraswati-patra,
2640,Added mink-goutte-driver v1.2.1 ,m/mink-goutte-driver/mink-goutte-driver_1.2.1_ubi_8.6.sh,added,sid226,
2631,Added script for cont_filter_cache,i/cont_filter_cache/LICENSE,added,vaibhav-bhadade,seth-priya
2631,Added script for cont_filter_cache,i/cont_filter_cache/cont_filter_cache_ubi_8.5.sh,added,vaibhav-bhadade,seth-priya
2628,bpemb package build and validated successfully,b/bpemb/LICENSE,added,abhishekdighePersIbm1,
2628,bpemb package build and validated successfully,b/bpemb/bpemb_ubi_8.5.sh,added,abhishekdighePersIbm1,
2627,build script created for bal-util,b/bal-util/LICENSE,added,saraswati-patra,kandarpamalipeddi
2627,build script created for bal-util,b/bal-util/bal-util_ubi_8.5.sh,added,saraswati-patra,kandarpamalipeddi
2612,go-collectd version 0.3.0 build and validation script,g/go-collectd/LICENSE,added,ambujkumar3,
2612,go-collectd version 0.3.0 build and validation script,g/go-collectd/go-collectd_ubi_8.5.sh,added,ambujkumar3,
2606,pgaudit(set_user):added scripts,p/pgaudit/LICENSE,added,ankitpar,
2606,pgaudit(set_user):added scripts,p/pgaudit/pgauditubi8_5.sh,added,ankitpar,
2592,pahomqtt:added script,p/pahomqtt/LICENSE,added,ankitpar,"ankitpar, seth-priya"
2592,pahomqtt:added script,p/pahomqtt/pahomqttubi8.5.sh,added,ankitpar,"ankitpar, seth-priya"
2582,Build Script for alecthomas_template,a/alecthomas__template/alecthomas__template_ubi_8.5.sh,added,HarithaPatchari054,seth-priya
2579,vcert Version 4.18.2 build and validation script,v/vcert/LICENSE,added,ambujkumar3,
2579,vcert Version 4.18.2 build and validation script,v/vcert/vcert_ubi_8.5.sh,added,ambujkumar3,
2576,Editor file drupal,d/drupal/LICENSE,added,sachinkakatkar,
2576,Editor file drupal,d/drupal/drupal_editor_file_ubi_8.5.sh,added,sachinkakatkar,
2575,Added build script for os-locale,o/os-locale/os-locale_ubi_8.5.sh,added,saraswati-patra,
2545,onnxruntime  Version 1.9.0  test and validation script,o/onnxruntime/onnxruntime_ubi8.5.sh,added,BhimraoPatil,
2540,Build-script for github.com__jehiah__go-strftime package,g/github.com__jehiah__go-strftime/github.com__jehiah__go-strftime_ubi_8.5.sh,added,vaishnavipatil3,
2532,"Added build script, patch file for Redis : 7.0.4",r/redis/redis_7.0.4.patch,added,vishakadesai,
2532,"Added build script, patch file for Redis : 7.0.4",r/redis/redis_7.0.4_ubi_8.5.sh,added,vishakadesai,
2502,drupal-encrypt  Version 8.x-2.9 test and validation script,d/drupal-encrypt/LICENSE,added,BhimraoPatil,
2502,drupal-encrypt  Version 8.x-2.9 test and validation script,d/drupal-encrypt/README.md,added,BhimraoPatil,
2502,drupal-encrypt  Version 8.x-2.9 test and validation script,d/drupal-encrypt/drupal-encrypt_ubi_8_5.sh,added,BhimraoPatil,
2498,Added validated version(8.x-3.0-beta2) for drupal/liberaries package,d/drupal_libraries/drupal_libraries_ubi_8.5.sh,modified,amitmukati-2604,
2497,added build script for node package prompt-base,p/prompt-base/LICENSE,added,kumarvikas2020,
2497,added build script for node package prompt-base,p/prompt-base/prompt-base_ubi_8.5.sh,added,kumarvikas2020,
2476,"drupal-entity_browser version 8.x-2.5,2.6 build and validate script",d/drupal-entity_browser/LICENSE,added,ambujkumar3,
2476,"drupal-entity_browser version 8.x-2.5,2.6 build and validate script",d/drupal-entity_browser/README.md,added,ambujkumar3,
2476,"drupal-entity_browser version 8.x-2.5,2.6 build and validate script",d/drupal-entity_browser/drupal-entity_browser_ubi_8.5.sh,added,ambujkumar3,
2475,created build script for drupal package select_or_other,d/drupal-select_or_other/LICENSE,added,kumarvikas2020,
2475,created build script for drupal package select_or_other,d/drupal-select_or_other/README.md,added,kumarvikas2020,
2475,created build script for drupal package select_or_other,d/drupal-select_or_other/drupal-select_or_other_UBI_8.5.sh,added,kumarvikas2020,
2469,drupal-csp Version 8.x-1.15 build and validation script,d/drupal-csp/LICENSE,added,abhishekdighePersIbm1,
2469,drupal-csp Version 8.x-1.15 build and validation script,d/drupal-csp/drupal-csp_ubi_8.5.sh,added,abhishekdighePersIbm1,
2445,added build script for htmlpurifier,h/htmlpurifier/htmlpurifier_ubi_8.5.sh,added,saraswati-patra,
2425,adding opentelemetry-cpp script for ubi 8.5,o/opentelemetry-cpp/opentelemetry-cpp_ubi_8.5.sh,added,adilhusain-s,"adilhusain-s, seth-priya"
2418,build-script for metatag:8.x-1.6,d/drupal-metatag/LICENSE,added,rajusah15,
2418,build-script for metatag:8.x-1.6,d/drupal-metatag/README.md,added,rajusah15,
2418,build-script for metatag:8.x-1.6,d/drupal-metatag/drupal-metatag_ubi_8.5.sh,added,rajusah15,
2411,drupal-csv_serialization Version 8.x-1.5 build and validation script,d/drupal-csv_serialization/LICENSE,added,ambujkumar3,
2411,drupal-csv_serialization Version 8.x-1.5 build and validation script,d/drupal-csv_serialization/drupal-csv_serialization_ubi_8.5.sh,added,ambujkumar3,
2410,Tls observatory,t/tls-observatory/0001-ppc64le-added-support-for-ppc64le-architecture.patch,added,sachinkakatkar,
2410,Tls observatory,t/tls-observatory/LICENSE,added,sachinkakatkar,
2410,Tls observatory,t/tls-observatory/tls-observatory_ubi_8.5.sh,added,sachinkakatkar,
2403,sphinx-gallery:added script,s/sphinx-gallery/sphinx-gallery_ubi8.5v0.10.sh,added,ankitpar,"ankitpar, prashantkhoje"
2389,drupal-honeypot Version 2.0.1 build and validation script,d/drupal-honeypot/LICENSE,added,ambujkumar3,
2389,drupal-honeypot Version 2.0.1 build and validation script,d/drupal-honeypot/README.md,added,ambujkumar3,
2389,drupal-honeypot Version 2.0.1 build and validation script,d/drupal-honeypot/drupal-honeypot_ubi_8.5.sh,added,ambujkumar3,
2383,Added the build script drupal/potx for version 8.x-1.x,d/drupal-potx/LICENSE,added,amitmukati-2604,
2383,Added the build script drupal/potx for version 8.x-1.x,d/drupal-potx/README.md,added,amitmukati-2604,
2383,Added the build script drupal/potx for version 8.x-1.x,d/drupal-potx/drupal-potx_ubi_8.5.sh,added,amitmukati-2604,
2375,pyrobo:added script,p/py-robo/LICENSE,added,ankitpar,prashantkhoje
2375,pyrobo:added script,p/py-robo/pyrobo_ubi8.5.sh,added,ankitpar,prashantkhoje
2369,added build script for drupal package poll,d/drupal-poll/LICENSE,added,kumarvikas2020,
2369,added build script for drupal package poll,d/drupal-poll/README.md,added,kumarvikas2020,
2369,added build script for drupal package poll,d/drupal-poll/drupal-poll_UBI_8.5.sh,added,kumarvikas2020,
2360,Drupal embed,d/drupal/LICENSE,added,sachinkakatkar,
2360,Drupal embed,d/drupal/drupal_embed_ubi_8.5.sh,added,sachinkakatkar,
2358,added build script for drupal package svg_image_field,d/drupal-svg_image_field/LICENSE,added,kumarvikas2020,
2358,added build script for drupal package svg_image_field,d/drupal-svg_image_field/README.md,added,kumarvikas2020,
2358,added build script for drupal package svg_image_field,d/drupal-svg_image_field/drupal-svg_image_field_UBI_8.5.sh,added,kumarvikas2020,
2356,universal-translator:added script,u/universal-translator/LICENSE,added,ankitpar,prashantkhoje
2356,universal-translator:added script,u/universal-translator/universal-translator_ubi8_5.sh,added,ankitpar,prashantkhoje
2355,Adding the build script for drupal/session_based_temp_store for versi…,d/drupal-session_based_temp_store/LICENSE,added,amitmukati-2604,
2355,Adding the build script for drupal/session_based_temp_store for versi…,d/drupal-session_based_temp_store/README.md,added,amitmukati-2604,
2355,Adding the build script for drupal/session_based_temp_store for versi…,d/drupal-session_based_temp_store/drupal-session_based_temp_store_ubi_8.5.sh,added,amitmukati-2604,
2354,gooidc:added script,g/go-oidc/LICENSE,added,ankitpar,"kandarpamalipeddi, prashantkhoje"
2354,gooidc:added script,g/go-oidc/go-oidc_ubi8_5.sh,added,ankitpar,"kandarpamalipeddi, prashantkhoje"
2345,Drupal dropjonejs,d/drupal/LICENSE,added,sachinkakatkar,
2345,Drupal dropjonejs,d/drupal/drupal_diff_ubi_8.5.sh,added,sachinkakatkar,
2345,Drupal dropjonejs,d/drupal/drupal_disable_language_ubi_8.5.sh,added,sachinkakatkar,
2345,Drupal dropjonejs,d/drupal/drupal_dropzonejs_ubi_8.5.sh,added,sachinkakatkar,
2338,added the build script for drupal/token for version:- 8.x-1.9,d/drupal-token/LICENSE,added,amitmukati-2604,
2338,added the build script for drupal/token for version:- 8.x-1.9,d/drupal-token/README.md,added,amitmukati-2604,
2338,added the build script for drupal/token for version:- 8.x-1.9,d/drupal-token/drupal-token_ubi_8.5.sh,added,amitmukati-2604,
2337,drupal-flag version 8.x-4.0-beta2 build and validation script,d/drupal-flag/LICENSE,added,ambujkumar3,
2337,drupal-flag version 8.x-4.0-beta2 build and validation script,d/drupal-flag/README.md,added,ambujkumar3,
2337,drupal-flag version 8.x-4.0-beta2 build and validation script,d/drupal-flag/drupal-flag_ubi_8.5.sh,added,ambujkumar3,
2334,Added the build script for drupal/taxonomy_menu version:- 8.x-3.x,d/drupal-taxonomy_menu/LICENSE,added,amitmukati-2604,
2334,Added the build script for drupal/taxonomy_menu version:- 8.x-3.x,d/drupal-taxonomy_menu/README.md,added,amitmukati-2604,
2334,Added the build script for drupal/taxonomy_menu version:- 8.x-3.x,d/drupal-taxonomy_menu/drupal_taxonomy_menu_ubi_8.5.sh,added,amitmukati-2604,
2326,Drupal disable language,d/drupal/LICENSE,added,sachinkakatkar,
2326,Drupal disable language,d/drupal/drupal_disable_language_ubi_8.5.sh,added,sachinkakatkar,
2322,drupalpagemanager:Added script,d/drupal_pagemanager/LICENSE,added,ankitpar,prashantkhoje
2322,drupalpagemanager:Added script,d/drupal_pagemanager/drupal_pagemanagerUBI8.5.sh,added,ankitpar,prashantkhoje
2301,Editor advanced link,d/drupal/LICENSE,added,sachinkakatkar,
2301,Editor advanced link,d/drupal/drupal_editor_advanced_link_ubi_8.5.sh,added,sachinkakatkar,
2294,phpunit Version 6.5.14 and 9.5.4 test and validation Script,p/phpunit/phpunit_ubi_8.5.sh,added,ambujkumar3,
2293,php-code-coverage Version 9.4.6  test and validation Script,p/php-code-coverage/php-code-coverage_ubi_8.5.sh,added,ambujkumar3,
2281,Adding build script for symfony/console for 15 different versions,s/symfony_console/LICENSE,added,amitmukati-2604,
2281,Adding build script for symfony/console for 15 different versions,s/symfony_console/symfony_console_ubi8.5.sh,added,amitmukati-2604,
2274,Drupal droxy,d/drupal/LICENSE,added,sachinkakatkar,
2274,Drupal droxy,d/drupal/drupal_droxy_ubi_8.5.sh,added,sachinkakatkar,
2271,build-script for Drupal-password_policy,d/drupal-password_policy/LICENSE,added,rajusah15,
2271,build-script for Drupal-password_policy,d/drupal-password_policy/README.md,added,rajusah15,
2271,build-script for Drupal-password_policy,d/drupal-password_policy/drupal-password_policy_ubi_8.5.sh,added,rajusah15,
2270,Drupal diff,d/drupal/LICENSE,added,sachinkakatkar,
2270,Drupal diff,d/drupal/drupal_devel_ubi_8.5.sh,added,sachinkakatkar,
2270,Drupal diff,d/drupal/drupal_diff_ubi_8.5.sh,added,sachinkakatkar,
2269,Drupal Devel php package,d/drupal/LICENSE,added,sachinkakatkar,
2269,Drupal Devel php package,d/drupal/drupal_devel_ubi_8.5.sh,added,sachinkakatkar,
2266,Drupal ctools,d/drupal/LICENSE,added,sachinkakatkar,
2266,Drupal ctools,d/drupal/README.md,added,sachinkakatkar,
2266,Drupal ctools,d/drupal/drupal_ctools_ubi_8.5.sh,added,sachinkakatkar,
2264,Added build script for package google-cloud-go-storage,g/google-cloud-go-storage/LICENSE,added,bhagat-singh001,
2264,Added build script for package google-cloud-go-storage,g/google-cloud-go-storage/google-cloud-go-storage_ubi_8.5.sh,added,bhagat-singh001,
2260,Added build script for drupal-taxonomy_manager,d/drupal-taxonomy_manager/LICENSE,added,bhagat-singh001,"bhagat-singh001, vedang-wartikar"
2260,Added build script for drupal-taxonomy_manager,d/drupal-taxonomy_manager/README.md,added,bhagat-singh001,"bhagat-singh001, vedang-wartikar"
2260,Added build script for drupal-taxonomy_manager,d/drupal-taxonomy_manager/drupal-taxonomy_manager_ubi_8.5.sh,added,bhagat-singh001,"bhagat-singh001, vedang-wartikar"
2259,Added build script for vault-sdk,v/vault-sdk/LICENSE,added,bhagat-singh001,
2259,Added build script for vault-sdk,v/vault-sdk/vault-sdk_ubi_8.5.sh,added,bhagat-singh001,
2250,modified build-script for jaeger-lib:v2.4.1+incompatible,g/github.com__uber__jaeger-lib/github.com__uber__jaeger-lib_rhel_8.3.sh,modified,rajusah15,kandarpamalipeddi
2248,NginxV5,n/ngingxv12/Dockerfile,added,ankitpar,
2248,NginxV5,n/ngingxv12/LICENSE,added,ankitpar,
2247,Godbusv5NPR,g/godbusv5/LICENSE,added,ankitpar,"ankitpar, seth-priya"
2247,Godbusv5NPR,g/godbusv5/godbusubi85.sh,added,ankitpar,"ankitpar, seth-priya"
2246,godogNPR,g/godogv12/LICENSE,added,ankitpar,kandarpamalipeddi
2246,godogNPR,g/godogv12/godogubi85.sh,added,ankitpar,kandarpamalipeddi
2244,Added build script for phpstan/phpstan : 0.12.93,p/phpstan__phpstan/LICENSE,added,vishakadesai,
2244,Added build script for phpstan/phpstan : 0.12.93,p/phpstan__phpstan/phpstan__phpstan_ubi_8.5.sh,added,vishakadesai,
2238,Added build script for symfony-console,s/symfony-console/LICENSE,added,bhagat-singh001,
2238,Added build script for symfony-console,s/symfony-console/symfony-console_ubi_8.5.sh,added,bhagat-singh001,
2235,Mongo driver,m/mongo-driver/LICENSE,added,saraswati-patra,"kumarvikas2020, saraswati-patra"
2235,Mongo driver,m/mongo-driver/mongo-go-driver_ubi_8.5.sh,added,saraswati-patra,"kumarvikas2020, saraswati-patra"
2221,addedMinkScriptv121,m/mink-goutte-driver/MinkGoutteDriver_UBI8_5.sh,added,ankitpar,
2216,Phpunit,p/phpunit/README.md,added,bhagat-singh001,
2216,Phpunit,p/phpunit/phpunit_ubi8.sh,modified,bhagat-singh001,
2216,Phpunit,s/symfony__var-dumper/symfony__var-dumper.sh,removed,bhagat-singh001,
2209,Google cloud go,g/google-cloud-go/google-cloud-go_ubi8.5.sh,modified,bhagat-singh001,
2209,Google cloud go,s/symfony__var-dumper/symfony__var-dumper.sh,removed,bhagat-singh001,
2205,Streadway handy,s/streadway_handy/streadway_handy_ubi8.5.sh,removed,sachinkakatkar,
2205,Streadway handy,s/streadway_handy/streadway_handy_ubi_8.5.sh,added,sachinkakatkar,
2195,Updated script for elastic v7.0.32 support.,e/elastic/elastic_ubi_8.5.sh,modified,kumarvikas2020,
2171,Added build script for nbio-st,n/nbio-st/LICENSE,added,bhagat-singh001,
2171,Added build script for nbio-st,n/nbio-st/nbio-st_ubi_8.5.sh,added,bhagat-singh001,
2169,Paulbellamy ratecounter,p/paulbellamy_ratecounter/LICENSE,added,sachinkakatkar,
2169,Paulbellamy ratecounter,p/paulbellamy_ratecounter/paulbellamy_ratecounter_ubi_8.5.sh,added,sachinkakatkar,
2156,Jaegertracing: Modified buildScript,j/jaegertracing/jaegertracing_ubi_8.3.sh,modified,rajusah15,
2145,Added the validated version:- v1.0.2 and travis check flag to build s…,m/msgp/msgp_ubi8.4.sh,modified,amitmukati-2604,
2142,AddedMInkScriptUBI8.5,m/mink-selenium2-driver/LICENSE,added,ankitpar,"ankitpar, seth-priya"
2142,AddedMInkScriptUBI8.5,m/mink-selenium2-driver/minkseleniumdriver_ubi8.5.sh,added,ankitpar,"ankitpar, seth-priya"
2140,added_script,f/firebase/LICENSE,added,ankitpar,
2140,added_script,f/firebase/fire-base_ubi_8.sh,added,ankitpar,
2135,Added script for gnostic version 0.5.5,g/gnostic/gnostic0.5.5_ubi_8.5.sh,added,ezeeyahoo,
2132,Go-metrics: Modify header value of build-script.,g/go-metrics/go-metrics_ubi_8.5.sh,modified,rajusah15,
2125,Adding build script for Martian,m/martian/LICENSE,added,ezeeyahoo,"ezeeyahoo, prashantkhoje"
2125,Adding build script for Martian,m/martian/martian-v3_ubi8.5.sh,added,ezeeyahoo,"ezeeyahoo, prashantkhoje"
2121,Added build script and License for Flatbuffers,f/flatbuffers/LICENSE,added,ezeeyahoo,prashantkhoje
2121,Added build script and License for Flatbuffers,f/flatbuffers/flatbuffers_ubi8.5.sh,added,ezeeyahoo,prashantkhoje
2107,Prometheus procfs,p/prometheus-procfs/LICENSE,added,rajusah15,
2107,Prometheus procfs,p/prometheus-procfs/prometheus-procfs_ubi_8.5.sh,added,rajusah15,
2102,Vsfgen: Added build and test script,v/vsfgen/LICENSE,added,sachinkakatkar,
2102,Vsfgen: Added build and test script,v/vsfgen/vfsgen_ubi_8.5.sh,added,sachinkakatkar,
2098,logstash-filter-useragent script and license added,l/logstash-filter-useragent/LICENSE,added,ezeeyahoo,
2098,logstash-filter-useragent script and license added,l/logstash-filter-useragent/logstash-filter-useragent_ubi8.5.sh,added,ezeeyahoo,
2094,adding hcsshim script for ubi 8.5,h/hcsshim/LICENSE,added,adilhusain-s,
2094,adding hcsshim script for ubi 8.5,h/hcsshim/hcsshim_ubi_8.5.sh,added,adilhusain-s,
2088,Archiver ubi 8.4,a/archiver/LICENSE,renamed,ApurvaAgrawal3,
2088,Archiver ubi 8.4,a/archiver/archiver_ubi_8.4.sh,modified,ApurvaAgrawal3,
2087,Protoc gen validate,p/protoc-gen-validate/LICENSE,added,sachinkakatkar,
2087,Protoc gen validate,p/protoc-gen-validate/protoc-gen-validate_ubi_8.5.sh,added,sachinkakatkar,
2082,"Adding build script for go-tool (version:v0.0.1-2019.2.3,v0.0.1-2020.1.3)",g/go-tools/go-tool_ubi8.5.sh,added,amitmukati-2604,
2081,adding runtime-spec script for ubi 8.5,r/runtime-spec/runtime-spec_ubi_8.5.sh,modified,adilhusain-s,
2081,adding runtime-spec script for ubi 8.5,r/runtime-spec/runtime-spec_v1.0.0_ubi_8.5.sh,added,adilhusain-s,
2072,drupal-check 1.4.0 validation script,d/drupal-check/LICENSE,added,ambujkumar3,
2072,drupal-check 1.4.0 validation script,d/drupal-check/drupal-check_ubi_8.5.sh,added,ambujkumar3,
2032,adding build script for slim-sprig,s/slim_sprig/LICENSE,added,ezeeyahoo,"ezeeyahoo, prashantkhoje"
2032,adding build script for slim-sprig,s/slim_sprig/slim-sprig_UBI_8.5.sh,added,ezeeyahoo,"ezeeyahoo, prashantkhoje"
2028,Graylogd,g/graylog-docker/Dockerfiles/4.2.9_ubi-8.5/Dockerfile,added,ankitpar,seth-priya
2028,Graylogd,g/graylog-docker/Dockerfiles/4.2.9_ubi-8.5/config/graylog.conf,added,ankitpar,seth-priya
2028,Graylogd,g/graylog-docker/Dockerfiles/4.2.9_ubi-8.5/config/log4j2.xml,added,ankitpar,seth-priya
2028,Graylogd,g/graylog-docker/Dockerfiles/4.2.9_ubi-8.5/docker-entrypoint.sh,added,ankitpar,seth-priya
2028,Graylogd,g/graylog-docker/Dockerfiles/4.2.9_ubi-8.5/fetch-and-extract.sh,added,ankitpar,seth-priya
2028,Graylogd,g/graylog-docker/Dockerfiles/4.2.9_ubi-8.5/health_check.sh,added,ankitpar,seth-priya
2028,Graylogd,g/graylog-docker/LICENSE,added,ankitpar,seth-priya
2027,Adding build script for openresty-pcre (version:8.43),o/openresty-pcre/LICENSE,added,amitmukati-2604,
2027,Adding build script for openresty-pcre (version:8.43),o/openresty-pcre/openresty-pcre_ubi8.5.sh,added,amitmukati-2604,
2019,adding pg-cron script for ubi 8.5,p/pg-cron/LICENSE,added,adilhusain-s,
2019,adding pg-cron script for ubi 8.5,p/pg-cron/pg-cron_ubi_8.5.sh,added,adilhusain-s,
2010,Adding build script for firebirdsql(version:v0.0.0-20190310045651-3c0…,f/firebirdsql/LICENSE,added,amitmukati-2604,
2010,Adding build script for firebirdsql(version:v0.0.0-20190310045651-3c0…,f/firebirdsql/firebirdsql_ubi8.5.sh,added,amitmukati-2604,
1999,Prometheus: Build script,p/prometheus/prometheus/LICENSE,added,sachinkakatkar,
1999,Prometheus: Build script,p/prometheus/prometheus/prometheus_ubi_8.5.sh,added,sachinkakatkar,
1990,added the validated version 1.1.1g for openresty-openssl,o/openssl/openssl_ubi_8.3.sh,modified,amitmukati-2604,
1986,Adding build script for popper.js package,p/popper.js/popper_1.16.1_ubi_8.5.sh,added,amitmukati-2604,
1982,build-script for disruptor,d/disruptor/com.lmax.disruptor_ubi_8.5.sh,added,rajusah15,
1967,Htmppurifier: Modified header value for v4.7.0,h/htmlpurifier/htmlpurifier_ubi_8.3.sh,modified,rajusah15,
1959,Added build script for pear-core,p/pear-core/LICENSE,added,bhagat-singh001,
1959,Added build script for pear-core,p/pear-core/pear-core_ubi_8.5.sh,added,bhagat-singh001,
1952,Added build script for pgaudit.,p/pgaudit/LICENSE,added,bhagat-singh001,kandarpamalipeddi
1952,Added build script for pgaudit.,p/pgaudit/README.md,added,bhagat-singh001,kandarpamalipeddi
1952,Added build script for pgaudit.,p/pgaudit/pgaudit_ubi_8.5.sh,added,bhagat-singh001,kandarpamalipeddi
1948,commit changes for gonum package,g/gonum/LICENSE,added,saraswati-patra,
1948,commit changes for gonum package,g/gonum/gonum_ubi_8.5.sh,added,saraswati-patra,
1926,Golang sync,s/sync/LICENSE,added,sachinkakatkar,"kandarpamalipeddi, sachinkakatkar"
1926,Golang sync,s/sync/sync_ubi_8.5.sh,added,sachinkakatkar,"kandarpamalipeddi, sachinkakatkar"
1910,hibernateogm:newscripts,h/hibernate-ogm-ehcache/LICENSE,added,ankitpar,"ankitpar, prashantkhoje"
1910,hibernateogm:newscripts,h/hibernate-ogm-ehcache/hibernate-ogm_rhel_ubi_8.sh,added,ankitpar,"ankitpar, prashantkhoje"
1900,bbolt: added one more requested tag to validate,e/etcd_bbolt/etcd_bbolt_ubi8.4.sh,modified,rajusah15,
1887,added build script for helm-2to3 package,h/helm-2to3/README.md,added,amitmukati-2604,
1887,added build script for helm-2to3 package,h/helm-2to3/helm-2to3_ubi_8.5.sh,added,amitmukati-2604,
1878,bbolt go package: added built and test script for version v1.3.6,b/bbolt/LICENSE,added,sachinkakatkar,
1878,bbolt go package: added built and test script for version v1.3.6,b/bbolt/bbolt_ubi_8.4.sh,added,sachinkakatkar,
1858,buildscript for graphql-js:16.3.0,g/graphql-js/LICENSE,added,rajusah15,
1858,buildscript for graphql-js:16.3.0,g/graphql-js/graphql-js_ubi_8.5.sh,added,rajusah15,
1826,adding fuse script for ubi 8.5,f/fuse/LICENSE,added,adilhusain-s,
1826,adding fuse script for ubi 8.5,f/fuse/fuse_ubi_8.5.sh,added,adilhusain-s,
1821, added build script api_ubi_8.5.sh,a/api/api_ubi_8.5.sh,added,iamvcm848,vedang-wartikar
1818,Eventsource,e/eventsource/eventsource_rhel_ubi_8.sh,renamed,ankitpar,"ankitpar, kandarpamalipeddi"
1793,Added build script for redis-connection.,r/redis-connection/LICENSE,added,bhagat-singh001,
1793,Added build script for redis-connection.,r/redis-connection/README.md,added,bhagat-singh001,
1793,Added build script for redis-connection.,r/redis-connection/redis-connection_ubi_8.5.sh,added,bhagat-singh001,
1791,Added build script for drupal-core.,d/drupal-core/LICENSE,added,bhagat-singh001,
1791,Added build script for drupal-core.,d/drupal-core/README.md,added,bhagat-singh001,
1791,Added build script for drupal-core.,d/drupal-core/drupal-core_ubi_8.5.sh,added,bhagat-singh001,
1768,Added build script for execa.,e/execa/LICENSE,added,bhagat-singh001,
1768,Added build script for execa.,e/execa/README.md,added,bhagat-singh001,
1768,Added build script for execa.,e/execa/execa_ubi_8.5.sh,added,bhagat-singh001,
1737,Duster php package:Build script and license file,d/duster/LICENSE,added,sachinkakatkar,
1737,Duster php package:Build script and license file,d/duster/duster_ubi_8.5.sh,added,sachinkakatkar,
1731,Added Dockerfile for apache-nifi 1.13.2 version,a/apache-nifi/Dockerfiles/Dockerfile,added,nailushapotnuru,kandarpamalipeddi
1731,Added Dockerfile for apache-nifi 1.13.2 version,a/apache-nifi/Dockerfiles/LICENSE,added,nailushapotnuru,kandarpamalipeddi
1731,Added Dockerfile for apache-nifi 1.13.2 version,a/apache-nifi/Dockerfiles/README.md,added,nailushapotnuru,kandarpamalipeddi
1731,Added Dockerfile for apache-nifi 1.13.2 version,a/apache-nifi/Dockerfiles/sh/common.sh,added,nailushapotnuru,kandarpamalipeddi
1731,Added Dockerfile for apache-nifi 1.13.2 version,a/apache-nifi/Dockerfiles/sh/secure.sh,added,nailushapotnuru,kandarpamalipeddi
1731,Added Dockerfile for apache-nifi 1.13.2 version,a/apache-nifi/Dockerfiles/sh/start.sh,added,nailushapotnuru,kandarpamalipeddi
1731,Added Dockerfile for apache-nifi 1.13.2 version,a/apache-nifi/Dockerfiles/sh/toolkit.sh,added,nailushapotnuru,kandarpamalipeddi
1731,Added Dockerfile for apache-nifi 1.13.2 version,a/apache-nifi/Dockerfiles/sh/update_cluster_state_management.sh,added,nailushapotnuru,kandarpamalipeddi
1731,Added Dockerfile for apache-nifi 1.13.2 version,a/apache-nifi/Dockerfiles/sh/update_login_providers.sh,added,nailushapotnuru,kandarpamalipeddi
1731,Added Dockerfile for apache-nifi 1.13.2 version,a/apache-nifi/LICENSE,added,nailushapotnuru,kandarpamalipeddi
1690,Added build script for pacote.,p/pacote/LICENSE,added,bhagat-singh001,
1690,Added build script for pacote.,p/pacote/README.md,added,bhagat-singh001,
1690,Added build script for pacote.,p/pacote/pacote_ubi_8.5.sh,added,bhagat-singh001,
1689,React split pane,r/react-split-pane/LICENSE,added,bhagat-singh001,
1689,React split pane,r/react-split-pane/README.md,added,bhagat-singh001,
1689,React split pane,r/react-split-pane/react-split-pane_ubi_8.5.sh,added,bhagat-singh001,
1682,Azure mgmt compute,a/azure-sdk-for-python/azure-mgmt-compute/LICENSE,added,vaibhav-bhadade,
1682,Azure mgmt compute,a/azure-sdk-for-python/azure-mgmt-compute/azure-mgmt-compute_ubi_8.sh,added,vaibhav-bhadade,
1676,build script azure keyvault,a/azure-sdk-for-python/azure-keyvault_1.0.0a1_ubi_8.sh,added,vaibhav-bhadade,
1669,build script for azure-common pkg,a/azure-sdk-for-python/azure-common/LICENSE,added,vaibhav-bhadade,kandarpamalipeddi
1669,build script for azure-common pkg,a/azure-sdk-for-python/azure-common/azure-common_ubi_8.5.sh,added,vaibhav-bhadade,kandarpamalipeddi
1667,Azure graphrbac,a/azure-sdk-for-python/azure-graphrbac/LICENSE,added,vaibhav-bhadade,
1667,Azure graphrbac,a/azure-sdk-for-python/azure-graphrbac/azure-graphrbac_ubi_8.5.sh,added,vaibhav-bhadade,
1666,build script for azure-cli-core package,a/azure-cli/LICENSE,added,vaibhav-bhadade,
1666,build script for azure-cli-core package,a/azure-cli/azur-cli-core/LICENSE,added,vaibhav-bhadade,
1666,build script for azure-cli-core package,a/azure-cli/azur-cli-core/azure-cli_ubi_8.5.sh,added,vaibhav-bhadade,
1665,Azur cli nspkg,a/azure-cli/LICENSE,added,vaibhav-bhadade,
1665,Azur cli nspkg,a/azure-cli/azure-cli-nspkg/LICENSE,added,vaibhav-bhadade,
1665,Azur cli nspkg,a/azure-cli/azure-cli-nspkg/azure-cli-nspkg_ubi_8.5.sh,added,vaibhav-bhadade,
1659,build-script for image-spec ,i/image-spec/LICENSE,added,rajusah15,kandarpamalipeddi
1659,build-script for image-spec ,i/image-spec/image-spec_ubi_8.3.sh,added,rajusah15,kandarpamalipeddi
1575,Added ubuntu build script for dc-js,d/dc-js/dc-js_v4.2.7_ubuntu_18.04.sh,added,jotirlingSwami,
1570,Updated commons-compress buildscript with version 1.2 for ubi8.3,c/commons-compress/commons-compress_1.19_1.18_1.9_ubi_8.3.sh,modified,csrividya,snehlatamohite
1553,Added build script for the package rails-html-sanitizer,r/rails-html-sanitizer/LICENSE,added,kumarvikas2020,
1553,Added build script for the package rails-html-sanitizer,r/rails-html-sanitizer/rails-html-sanitizer_ubi_8.5.sh,added,kumarvikas2020,
1552,Added build script for the rb-fsevent package,r/rb-fsevent/LICENSE,added,kumarvikas2020,
1552,Added build script for the rb-fsevent package,r/rb-fsevent/rb-fsevent_ubi_8.4.sh,added,kumarvikas2020,
1540,Added build script for react-split-pane,r/react-split-pane/LICENSE,added,nailushapotnuru,
1540,Added build script for react-split-pane,r/react-split-pane/react-split-pane_0.1.75_ubi_8.5.sh,added,nailushapotnuru,
1537,Added build-script for react-grid-layout,r/react-grid-layout/react-grid-layout_0.16.6_ubi_8.5.sh,added,nailushapotnuru,
1534,Added build script for css-vendor,c/css-vendor/LICENSE,added,nailushapotnuru,
1534,Added build script for css-vendor,c/css-vendor/css-vendor_0.3.8_ubi_8.5.sh,added,nailushapotnuru,
1533,Added build-script for constantinople,c/constantinople/LICENSE,added,nailushapotnuru,
1533,Added build-script for constantinople,c/constantinople/constantinople_3.1.2_rhel_8.4.sh,added,nailushapotnuru,
1532,Added build script for compute-scroll-into-view,c/compute-scroll-into-view/LICENSE,added,nailushapotnuru,
1532,Added build script for compute-scroll-into-view,c/compute-scroll-into-view/compute-scroll-into-view_v1.0.17_ubi_8.5.sh,added,nailushapotnuru,
1531,Added build-script for carbon-utils-position,c/cardbon-utils-position/LICENSE,added,nailushapotnuru,
1531,Added build-script for carbon-utils-position,c/cardbon-utils-position/carbon-utils-position_v1.1.1_ubi_8.5.sh,added,nailushapotnuru,
1527,build script for pgx 4.8.1,p/jackc-pgx/LICENSE,added,vaibhav-bhadade,
1527,build script for pgx 4.8.1,p/jackc-pgx/pgx_v4_4.8.1_ubi_8.5.sh,added,vaibhav-bhadade,
1526,Added build script for the vavr package,v/vavr/LICENSE,added,kumarvikas2020,
1526,Added build script for the vavr package,v/vavr/vavr_ubi_8.4.sh,added,kumarvikas2020,
1525,Added build script for the package listen,l/listen/LICENSE,added,kumarvikas2020,
1525,Added build script for the package listen,l/listen/listen_ubi_8.4.sh,added,kumarvikas2020,
1522,Added build script for the package super_diff,s/super_diff/LICENSE,added,kumarvikas2020,
1522,Added build script for the package super_diff,s/super_diff/super_diff_ubi_8.4.sh,added,kumarvikas2020,
1511,build script for package hdfs ubi8.4,h/hdfs/LICENSE,added,vikasgupta8,
1511,build script for package hdfs ubi8.4,h/hdfs/hdfs_ubi8.4.sh,added,vikasgupta8,
1511,build script for package hdfs ubi8.4,h/hdfs/protobuf_v2.5.0.patch,added,vikasgupta8,
1510,Added build script for topmodel package,t/topmodel/LICENSE,added,kumarvikas2020,
1510,Added build script for topmodel package,t/topmodel/topmodel_ubi_8.5.sh,added,kumarvikas2020,
1456,build-script for alembic,a/alembic/LICENSE,added,rajusah15,"kandarpamalipeddi, rajusah15"
1456,build-script for alembic,a/alembic/alembic_ubi_8.3.sh,added,rajusah15,"kandarpamalipeddi, rajusah15"
1418,buildscript for codemirror-graphql v2.0.1,c/codemirror-graphql/LICENSE,added,rajusah15,"kandarpamalipeddi, rajusah15"
1418,buildscript for codemirror-graphql v2.0.1,c/codemirror-graphql/codemirror-graphql_ubi_8.3.sh,added,rajusah15,"kandarpamalipeddi, rajusah15"
