package_name,package_version,language,language_version,script_path,package_url,download_url,status,complexity,priority
ansible-runner,2.4.1,python,,a/ansible-runner/ansible-runner_ubi_9.6.sh,https://github.com/ansible/ansible-runner,,migrated,,
ansible-runner,2.3.3,python,,a/ansible-runner/ansible-runner_ubi_8_7.sh,https://github.com/ansible/ansible-runner,,migrated,,
antlr4-python3-runtime,4.9.3,python,,a/antlr4-python3-runtime/antlr4-python3-runtime_ubi_9.6.sh,https://github.com/antlr/antlr4.git,,migrated,,
awx,24.6.1,python,,a/awx/awx_ubi_9.3.sh,https://github.com/ansible/awx.git,,migrated,,
awx,devel,python,,a/awx/awx_vdevel_ubi_8.5.sh,https://github.com/ansible/awx/,,migrated,,
azure-mgmt-authorization,azure-mgmt-authorization_4.0.0,python,,a/azure-mgmt-authorization/azure-mgmt-authorization_ubi_9.3.sh,https://github.com/Azure/azure-sdk-for-python,,migrated,,
azure-mgmt-batch,azure-mgmt-batch_18.0.0,python,,a/azure-mgmt-batch/azure-mgmt-batch_ubi_9.3.sh,https://github.com/Azure/azure-sdk-for-python,,migrated,,
azure-mgmt-cdn,azure-mgmt-cdn_13.1.1,python,,a/azure-mgmt-cdn/azure-mgmt-cdn_ubi_9.3.sh,https://github.com/Azure/azure-sdk-for-python,,migrated,,
azure-mgmt-containerregistry,azure-mgmt-containerregistry_14.0.0,python,,a/azure-mgmt-containerregistry/azure-mgmt-containerregistry_ubi_9.3.sh,https://github.com/Azure/azure-sdk-for-python,,migrated,,
azure-mgmt-containerservice,azure-mgmt-containerservice_36.0.0,python,,a/azure-mgmt-containerservice/azure-mgmt-containerservice_ubi_9.3.sh,https://github.com/Azure/azure-sdk-for-python,,migrated,,
azure-mgmt-cosmosdb,azure-mgmt-cosmosdb_9.8.0,python,,a/azure-mgmt-cosmosdb/azure-mgmt-cosmosdb_ubi_9.3.sh,https://github.com/Azure/azure-sdk-for-python,,migrated,,
azure-mgmt-devtestlabs,azure-mgmt-devtestlabs_10.0.0b2,python,,a/azure-mgmt-devtestlabs/azure-mgmt-devtestlabs_ubi_9.3.sh,https://github.com/Azure/azure-sdk-for-python,,migrated,,
azure-mgmt-dns,azure-mgmt-dns_8.2.0,python,,a/azure-mgmt-dns/azure-mgmt-dns_ubi_9.3.sh,https://github.com/Azure/azure-sdk-for-python,,migrated,,
azure-mgmt-hdinsight,azure-mgmt-hdinsight_9.1.0b1,python,,a/azure-mgmt-hdinsight/azure-mgmt-hdinsight_ubi_9.3.sh,https://github.com/Azure/azure-sdk-for-python,,migrated,,
azure-mgmt-iothub,azure-mgmt-iothub_4.0.0,python,,a/azure-mgmt-iothub/azure-mgmt-iothub_ubi_9.3.sh,https://github.com/Azure/azure-sdk-for-python,,migrated,,
azure-mgmt-keyvault,azure-mgmt-keyvault_11.0.0,python,,a/azure-mgmt-keyvault/azure-mgmt-keyvault_ubi_9.3.sh,https://github.com/Azure/azure-sdk-for-python,,migrated,,
azure-mgmt-loganalytics,azure-mgmt-loganalytics_13.0.0b7,python,,a/azure-mgmt-loganalytics/azure-mgmt-loganalytics_ubi_9.3.sh,https://github.com/Azure/azure-sdk-for-python,,migrated,,
azure-mgmt-marketplaceordering,azure-mgmt-marketplaceordering_1.2.0b2,python,,a/azure-mgmt-marketplaceordering/azure-mgmt-marketplaceordering_ubi_9.3.sh,https://github.com/Azure/azure-sdk-for-python,,migrated,,
azure-mgmt-monitor,azure-mgmt-monitor_7.0.0b1,python,,a/azure-mgmt-monitor/azure-mgmt-monitor_ubi_9.3.sh,https://github.com/Azure/azure-sdk-for-python,,migrated,,
azure-mgmt-network,azure-mgmt-network_29.0.0,python,,a/azure-mgmt-network/azure-mgmt-network_ubi_9.3.sh,https://github.com/Azure/azure-sdk-for-python,,migrated,,
azure-mgmt-rdbms,azure-mgmt-rdbms_10.1.0,python,,a/azure-mgmt-rdbms/azure-mgmt-rdbms_ubi_9.3.sh,https://github.com/Azure/azure-sdk-for-python,,migrated,,
azure-mgmt-redis,azure-mgmt-redis_14.5.0,python,,a/azure-mgmt-redis/azure-mgmt-redis_ubi_9.3.sh,https://github.com/Azure/azure-sdk-for-python,,migrated,,
azure-mgmt-resource,azure-mgmt-resource_23.4.0,python,,a/azure-mgmt-resource/azure-mgmt-resource_ubi_9.3.sh,https://github.com/Azure/azure-sdk-for-python,,migrated,,
azure-mgmt-servicebus,azure-mgmt-servicebus_9.0.0,python,,a/azure-mgmt-servicebus/azure-mgmt-servicebus_ubi_9.3.sh,https://github.com/Azure/azure-sdk-for-python,,migrated,,
azure-mgmt-sql,azure-mgmt-sql_4.0.0b21,python,,a/azure-mgmt-sql/azure-mgmt-sql_ubi_9.3.sh,https://github.com/Azure/azure-sdk-for-python,,migrated,,
azure-mgmt-storage,azure-mgmt-storage_23.0.0,python,,a/azure-mgmt-storage/azure-mgmt-storage_ubi_9.3.sh,https://github.com/Azure/azure-sdk-for-python,,migrated,,
azure-mgmt-trafficmanager,azure-mgmt-trafficmanager_1.1.0,python,,a/azure-mgmt-trafficmanager/azure-mgmt-trafficmanager_ubi_9.3.sh,https://github.com/Azure/azure-sdk-for-python,,migrated,,
azure-mgmt-web,azure-mgmt-web_8.0.0,python,,a/azure-mgmt-web/azure-mgmt-web_ubi_9.3.sh,https://github.com/Azure/azure-sdk-for-python,,migrated,,
blinker,rel-1.4,python,,b/blinker/blinker_ubi_9.3.sh,https://github.com/pallets-eco/blinker,,migrated,,
bottleneck,v1.6.0,python,,b/bottleneck/bottleneck_1.3.5_ubi_9.3.sh,https://github.com/pydata/bottleneck.git,,migrated,,
bottleneck,v1.3.8,python,,b/bottleneck/bottleneck_ubi_9_3.sh,https://github.com/pydata/bottleneck,,migrated,,
brotli,v1.0.9,python,,b/brotli/brotli_ubi_9.3.sh,https://github.com/google/brotli.git,,migrated,,
brotlipy,v0.7.0,python,,b/brotlipy/brotlipy_ubi_9.3.sh,https://github.com/python-hyper/brotlicffi.git,,migrated,,
cachetools,${1:-,python,,c/cachetools/cachetools_ubi_9.3.sh,https://github.com/tkem/cachetools.git,,migrated,,
certifi,2024.08.30,python,,c/certifi/certifi_ubi_9.3.sh,https://github.com/certifi/python-certifi.git,,migrated,,
cpython,v3.12.3,python,,c/cpython/cpython_ubi_9.3.sh,https://github.com/python/cpython,,migrated,,
crmsh,4.6.0,python,,c/crmsh/crmsh_ubi_9.6.sh,https://github.com/ClusterLabs/crmsh.git,,migrated,,
dask,2023.6.0,python,,d/dask/dask_2023.6.0_ubi_9.3.sh,https://github.com/dask/dask.git,,migrated,,
dask,2.20.0  # Default version set to 2.20.0,python,,d/dask/dask_ubi_9.3.sh,https://github.com/dask/dask.git,,migrated,,
dask,,python,,d/dask/Dockerfiles/latest_ubuntu_16.04/prepare.sh,,,migrated,,
dill,0.3.8,python,,d/dill/dill_ubi_9.3.sh,https://github.com/uqfoundation/dill,,migrated,,
dill,dill-0.3.7,python,,d/dill/dill_ubi_8.7.sh,https://github.com/uqfoundation/dill,,migrated,,
dill,0.2.5,python,,d/dill/dill_rhel_7.3.sh,https://github.com/uqfoundation/dill/,,migrated,,
docling-parse,v4.7.1,python,,d/docling-parse/docling-parse_ubi_9.6.sh,https://github.com/docling-project/docling-parse.git,,migrated,,
frozenlist,v1.3.3,python,,f/frozenlist/frozenlist_ubi_9.6.sh,https://github.com/aio-libs/frozenlist.git,,migrated,,
furo,${1:-,python,,f/furo/furo_ubi_9.3.sh,https://github.com/pradyunsg/furo,,migrated,,
furo,${1:-,python,,f/furo/furo_ubi_8.5.sh,https://github.com/pradyunsg/furo,,migrated,,
gmpy2,gmpy2-2.1.2,python,,g/gmpy2/gmpy2_ubi_9.3.sh,https://github.com/aleaxit/gmpy.git,,migrated,,
graphite2,1.3.14,python,,g/graphite2/graphite2_ubi_9.3.sh,https://github.com/silnrsi/graphite,,migrated,,
greenlet,2.0.1,python,,g/greenlet/greenlet_ubi_9.3.sh,https://github.com/python-greenlet/greenlet.git,,migrated,,
hdf5,hdf5-1_12_1,python,,h/hdf5/hdf5_ubi_9.3.sh,https://github.com/HDFGroup/hdf5,,migrated,,
hdijupyterutils,0.20.0,python,,h/hdijupyterutils/hdijupyterutils_ubi_9.3.sh,https://github.com/jupyter-incubator/sparkmagic.git,,migrated,,
hjson-py,v3.0.2,python,,h/hjson-py/hjson-py_ubi_9.3.sh,https://github.com/hjson/hjson-py.git,,migrated,,
iaesdk,v3.3.0,python,,i/iaesdk/iaesdk_ubi_9.3.sh,https://github.com/IBM/ibm-iae-python-sdk,,migrated,,
ibm-cloud-sdk-core,v3.16.7,python,,i/ibm-cloud-sdk-core/ibm-cloud-sdk-core_ubi_9.3.sh,https://github.com/IBM/python-sdk-core.git,,migrated,,
ibm-cos-sdk,2.13.4,python,,i/ibm-cos-sdk/ibm-cos-sdk-python_ubi_9.3.sh,https://github.com/ibm/ibm-cos-sdk-python,,migrated,,
ibm-cos-sdk-core,2.13.4,python,,i/ibm-cos-sdk-core/ibm-cos-sdk-python-core_ubi_9.3.sh,https://github.com/ibm/ibm-cos-sdk-python-core,,migrated,,
ibm-cos-sdk-core,2.8.0,python,,i/ibm-cos-sdk-core/ibm-cos-sdk-python-core_2.8.0_ubi_8.4.sh,https://github.com/IBM/ibm-cos-sdk-python-core/,,migrated,,
ibm-cos-sdk-s3transfer,2.14.0,python,,i/ibm-cos-sdk-s3transfer/ibm-cos-sdk-python-s3transfer_ubi_9.3.sh,https://github.com/IBM/ibm-cos-sdk-python-s3transfer,,migrated,,
imageio,v2.34.1,python,,i/imageio/imageio_ubi_9.3.sh,https://github.com/imageio/imageio.git,,migrated,,
impyla,v0.21.0,python,,i/impyla/impyla_ubi_9.3.sh,https://github.com/cloudera/impyla.git,,migrated,,
impyla,,python,,i/impyla/conda.recipe/build.sh,,,migrated,,
impyla,0.14.0,python,,i/impyla/impyla_ubuntu_16.04.sh,https://github.com/cloudera/impyla.git,,migrated,,
ipywidgets,8.1.2,python,,i/ipywidgets/ipywidgets_ubi_9.3.sh,https://github.com/jupyter-widgets/ipywidgets,,migrated,,
ipywidgets,8.1.1,python,,i/ipywidgets/ipywidgets_ubi_8.7.sh,https://github.com/jupyter-widgets/ipywidgets,,migrated,,
jedi,${1:-,python,,j/jedi/jedi_v0.16.0_ubi_9.3.sh,https://github.com/davidhalter/jedi.git,,migrated,,
jenkspy,0.4.1,python,,j/jenkspy/jenkspy_ubi_9.3.sh,https://github.com/mthh/jenkspy,,migrated,,
kiwisolver,1.2.0,python,,k/kiwisolver/kiwisolver_ubi_9.3.sh,https://github.com/nucleic/kiwi.git,,migrated,,
krb5,v0.5.1,python,,k/krb5/krb5_ubi_9.3.sh,https://github.com/jborean93/pykrb5.git,,migrated,,
lxml,lxml-4.9.2,python,,l/lxml/lxml_4.9.2_ubi_9.6.sh,https://github.com/lxml/lxml.git,,migrated,,
lxml,lxml-6.0.2,python,,l/lxml/lxml_ubi_9.6.sh,https://github.com/lxml/lxml.git,,migrated,,
markdown,${1:-,python,,m/markdown/markdown_ubi_9.3.sh,https://github.com/Python-Markdown/markdown,,migrated,,
markdown,3.5.1,python,,m/markdown/markdown_ubi_8.7.sh,https://github.com/Python-Markdown/markdown,,migrated,,
markupsafe,2.1.5,python,,m/markupsafe/markupsafe_ubi_9.3.sh,https://github.com/pallets/markupsafe,,migrated,,
markupsafe,3.0.2,python,,m/markupsafe/markupsafe_3.0.2_ubi_9.3.sh,https://github.com/pallets/markupsafe,,migrated,,
mdp-toolkit,master,python,,m/mdp-toolkit/mdp-toolkit_ubi_9.3.sh,https://github.com/mdp-toolkit/mdp-toolkit,,migrated,,
mpmath,1.1.0,python,,m/mpmath/mpmath_ubi_9.3.sh,https://github.com/mpmath/mpmath.git,,migrated,,
msgpack-python,v1.1.1,python,,m/msgpack-python/msgpack-python_ubi_9.3.sh,https://github.com/msgpack/msgpack-python.git,,migrated,,
nbconvert,v7.16.4,python,,n/nbconvert/nbconvert_ubi_9_3.sh,https://github.com/jupyter/nbconvert,,migrated,,
nbconvert,v7.12.0,python,,n/nbconvert/nbconvert_ubi_8.7.sh,https://github.com/jupyter/nbconvert,,migrated,,
nodejs-wheel,v22.20.0,python,,n/nodejs-wheel/nodejs-wheel-binaries_22.20.0_ubi_9.5.sh,https://github.com/njzjz/nodejs-wheel.git,,migrated,,
numpy,v1.26.4,python,,n/numpy/numpy_ubi_9.3.sh,https://github.com/numpy/numpy.git,,migrated,,
numpy,v1.23.5,python,,n/numpy/numpy_1.23.5_ubi_9.3.sh,https://github.com/numpy/numpy,,migrated,,
numpy,v1.26.0,python,,n/numpy/numpy_1.26.0_ubi_9.3.sh,https://github.com/numpy/numpy,,migrated,,
numpy,v1.20.1,python,,n/numpy/numpy_ubi_8.5.sh,https://github.com/numpy/numpy.git,,migrated,,
numpy,v2.2.5,python,,n/numpy/numpy_v2.2.5_ubi_9.3.sh,https://github.com/numpy/numpy.git,,migrated,,
Pyphen,${1:-,python,,p/Pyphen/Pyphen_ubi_9.3.sh,https://github.com/Kozea/Pyphen,,migrated,,
Pyphen,0.14.0,python,,p/Pyphen/Pyphen_ubi_9.6.sh,https://github.com/Kozea/Pyphen,,migrated,,
Pyphen,0.9.5,python,,p/Pyphen/Pyphen_rhel_7.6.sh,https://github.com/Kozea/Pyphen,,migrated,,
param,v2.1.0,python,,p/param/param_ubi_9.3.sh,https://github.com/holoviz/param.git,,migrated,,
partd,1.4.2,python,,p/partd/partd_ubi_9.6.sh,https://github.com/dask/partd,,migrated,,
partd,1.4.0,python,,p/partd/partd_ubi_8.7.sh,https://github.com/dask/partd,,migrated,,
persistent,6.1.1,python,,p/persistent/persistent_ubi_9.3.sh,https://github.com/zopefoundation/persistent,,migrated,,
persistent,5.1,python,,p/persistent/persistent_ubi_8.7.sh,https://github.com/zopefoundation/persistent,,migrated,,
persistent,4.2.1,python,,p/persistent/persistent_rhel_7.3.sh,https://github.com/zopefoundation/persistent,,migrated,,
pillow,10.4.0,python,,p/pillow/pillow_ubi_9.3.sh,https://github.com/python-pillow/Pillow/,,migrated,,
pillow,10.0.1,python,,p/pillow/pillow_v10.0.1_ubi_9.3.sh,https://github.com/python-pillow/Pillow/,,migrated,,
pillow,10.3.0,python,,p/pillow/pillow_ubi_8.10.sh,https://github.com/python-pillow/Pillow/,,migrated,,
pillow,12.0.0,python,,p/pillow/pillow_v12.0.0_ubi_9.3.sh,https://github.com/python-pillow/Pillow/,,migrated,,
pint,0.24.4,python,,p/pint/pint_ubi_9.3.sh,https://github.com/hgrecco/pint,,migrated,,
pint,0.18,python,,p/pint/pint_ubi_8.5.sh,https://github.com/hgrecco/pint,,migrated,,
protobuf,v3.21.12,python,,p/protobuf/protobuf_ubi_9.3.sh,https://github.com/protocolbuffers/protobuf.git,,migrated,,
protobuf,v6.31.0,python,,p/protobuf/protobuf_v6.31.0_ubi_9.3.sh,https://github.com/protocolbuffers/protobuf,,migrated,,
protobuf,v4.25.3,python,,p/protobuf/protobuf_v4.25.3_ubi_9.3.sh,https://github.com/protocolbuffers/protobuf,,migrated,,
psutil,release-7.1.3,python,,p/psutil/psutil_7.0.0_ubi_9.3.sh,https://github.com/giampaolo/psutil.git,,migrated,,
psutil,release-5.9.0,python,,p/psutil/psutil_ubi_9.3.sh,https://github.com/giampaolo/psutil.git,,migrated,,
py-filelock,3.18.0,python,,p/py-filelock/py-filelock_ubi_9.3.sh,https://github.com/benediktschmitt/py-filelock,,migrated,,
py-filelock,n/a,python,,p/py-filelock/py-filelock_ubuntu_16.04.sh,https://github.com/benediktschmitt/py-filelock,,migrated,,
py-make,v0.1.2,python,,p/py-make/py-make_ubi_9.3.sh,https://github.com/tqdm/py-make,,migrated,,
py-make,v0.1.1,python,,p/py-make/py-make_ubi_8.5.sh,https://github.com/tqdm/py-make,,migrated,,
pyephem,4.2,python,,p/pyephem/pyephem_ubi_9.6.sh,https://github.com/brandon-rhodes/pyephem.git,,migrated,,
pyiceberg,pyiceberg-0.8.1,python,,p/pyiceberg/pyiceberg_ubi_9.3.sh,https://github.com/apache/iceberg-python,,migrated,,
pymssql,v2.3.11,python,,p/pymssql/pymssql_2.3.11_ubi_9.6.sh,https://github.com/pymssql/pymssql.git,,migrated,,
pymssql,v2.3.2,python,,p/pymssql/pymssql_2.3.2_ubi_9.3.sh,https://github.com/pymssql/pymssql.git,,migrated,,
pymssql,v2.2.5,python,,p/pymssql/pymssql_ubi_9.3.sh,https://github.com/pymssql/pymssql.git,,migrated,,
pyodbc,5.2.0,python,,p/pyodbc/pyodbc_ubi_9.3.sh,https://github.com/mkleehammer/pyodbc,,migrated,,
pyparsing,3.2.3,python,,p/pyparsing/pyparsing_ubi_9.3.sh,https://github.com/pyparsing/pyparsing.git,,migrated,,
pyparsing,2.2.0,python,,p/pyparsing/pyparsing_ubuntu_18.04.sh,https://github.com/pyparsing/pyparsing,,migrated,,
pypika,v0.49.0,python,,p/pypika/pypika_ubi_9.3.sh,https://github.com/kayak/pypika,,migrated,,
pyro4,4.82,python,,p/pyro4/pyro4_4.82_ubi_9.6.sh,https://github.com/irmen/Pyro4,,migrated,,
pyro4,${1:-,python,,p/pyro4/pyro4_ubi_8.5.sh,https://github.com/irmen/Pyro4,,migrated,,
pyrsistent,v0.18.0,python,,p/pyrsistent/pyrsistent_ubi_9.3.sh,https://github.com/tobgu/pyrsistent,,migrated,,
pystan,3.10.0,python,,p/pystan/pystan_ubi_9.3.sh,https://github.com/stan-dev/pystan,,migrated,,
pystan,,python,,p/pystan/conda.recipe/build.sh,,,migrated,,
pystan,2.16.0.0,python,,p/pystan/pystan_ubuntu_16.04.sh,https://github.com/stan-dev/pystan.git,,migrated,,
pytest-aiohttp,v1.0.5,python,,p/pytest-aiohttp/pytest-aiohttp_ubi_9.3.sh,https://github.com/aio-libs/pytest-aiohttp,,migrated,,
pytest-aiohttp,0.3.0,python,,p/pytest-aiohttp/pytest-aiohttp_rhel_8.3.sh,https://github.com/aio-libs/pytest-aiohttp/,,migrated,,
pytest-mock,v3.14.1,python,,p/pytest-mock/pytest-mock_ubi_9.6.sh,https://github.com/pytest-dev/pytest-mock,,migrated,,
pytest-mock,1.6.3,python,,p/pytest-mock/pytest-mock_rhel_7.4.sh,https://github.com/pytest-dev/pytest-mock,,migrated,,
python-fastjsonschema,v2.16.2,python,,p/python-fastjsonschema/python-fastjsonschema_ubi_9.3.sh,https://github.com/horejsek/python-fastjsonschema,,migrated,,
python-fire,v0.7.0,python,,p/python-fire/python_fire_ubi_9.3.sh,https://github.com/google/python-fire.git,,migrated,,
python-fire,v0.5.0,python,,p/python-fire/python_fire_ubi_8.7.sh,https://github.com/google/python-fire.git,,migrated,,
python-memcached,1.62,python,,p/python-memcached/python-memcached_ubi_9.3.sh,https://github.com/linsomniac/python-memcached,,migrated,,
python-memcached,,python,,p/python-memcached/conda.recipe/build.sh,,,migrated,,
python-memcached,1.57,python,,p/python-memcached/python-memcached_ubuntu_16.04.sh,https://github.com/linsomniac/python-memcached,,migrated,,
pyyaml,${1:-,python,,p/pyyaml/pyyaml_6.0_ubi_9.3.sh,https://github.com/yaml/pyyaml.git,,migrated,,
pyyaml,${1:-,python,,p/pyyaml/pyyaml_ubi_9.3.sh,https://github.com/yaml/pyyaml.git,,migrated,,
rdflib,7.1.4 ,python,,r/rdflib/rdflib_ubi_9.6.sh,https://github.com/RDFLib/rdflib,,migrated,,
rdflib,master @ 4b114b3,python,,r/rdflib/rdflib_rhel_7.6.sh,https://github.com/mongodb/mongo-python-driver,,migrated,,
rope,1.13.0,python,,r/rope/rope_ubi_9.3.sh,https://github.com/python-rope/rope.git,,migrated,,
rope,1.10.0,python,,r/rope/rope_ubi_8.7.sh,https://github.com/python-rope/rope.git,,migrated,,
scikit-image,v0.24.0,python,,s/scikit-image/scikit-image_ubi_9.3.sh,https://github.com/scikit-image/scikit-image,,migrated,,
scikit-image,v0.26.0,python,,s/scikit-image/scikit-image_ubi_0.19.3_9.3.sh,https://github.com/scikit-image/scikit-image,,migrated,,
scikit-image,v0.22.0,python,,s/scikit-image/scikit-image_ubi_8.10.sh,https://github.com/scikit-image/scikit-image,,migrated,,
seaborn, v0.13.2,python,,s/seaborn/seaborn_ubi_9.3.sh,https://github.com/mwaskom/seaborn.git,,migrated,,
searxng,576c8ca99cde1a31e442ef61965e77c82349079b,python,,s/searxng/searxng_ubi_9.6.sh,https://github.com/searxng/searxng.git,,migrated,,
sentry-python,2.33.2,python,,s/sentry-python/sentry-python_ubi_9.3.sh,https://github.com/getsentry/sentry-python,,migrated,,
sentry-python,1.12.1,python,,s/sentry-python/sentry-python_1.12.1_ubi_8.7.sh,https://github.com/getsentry/sentry-python,,migrated,,
sentry-python,"0.14.3,0.14.4,0.18.0,0.19.5,1.0.0",python,,s/sentry-python/sentry-python_ubi_8.4.sh,https://github.com/getsentry/sentry-python,,migrated,,
sockjs-tornado,master,python,,s/sockjs-tornado/sockjs-tornado_ubi_9.3.sh,https://github.com/mrjoes/sockjs-tornado.git,,migrated,,
softlayer-python,v6.2.6,python,,s/softlayer-python/softlayer-python_ubi_9.3.sh,https://github.com/softlayer/softlayer-python,,migrated,,
sphinx-autodoc-typehints,${1:-,python,,s/sphinx-autodoc-typehints/sphinx-autodoc-typehints_ubi_9.3.sh,https://github.com/tox-dev/sphinx-autodoc-typehints,,migrated,,
sphinx-autodoc-typehints,1.12.0,python,,s/sphinx-autodoc-typehints/sphinx-autodoc-typehints_ubi_8.5.sh,https://github.com/tox-dev/sphinx-autodoc-typehints,,migrated,,
sphinx_rtd_theme,3.0.2,python,,s/sphinx_rtd_theme/sphinx_rtd_theme_ubi_9.3.sh,https://github.com/readthedocs/sphinx_rtd_theme.git,,migrated,,
sphinx_rtd_theme,0.5.1,python,,s/sphinx_rtd_theme/sphinx_rtd_theme_ubi_8.5.sh,https://github.com/readthedocs/sphinx_rtd_theme.git,,migrated,,
sphinxcontrib-programoutput,0.18,python,,s/sphinxcontrib-programoutput/sphinxcontrib-programoutput_ubi_9.6.sh,https://github.com/NextThought/sphinxcontrib-programoutput.git,,migrated,,
sphinxcontrib-programoutput,0.17,python,,s/sphinxcontrib-programoutput/sphinxcontrib-programoutput_ubi_8.4.sh,https://github.com/NextThought/sphinxcontrib-programoutput.git,,migrated,,
sqlalchemy,${1:-,python,,s/sqlalchemy/sqlalchemy_ubi_9.3.sh,https://github.com/sqlalchemy/sqlalchemy.git,,migrated,,
sympy,sympy-1.12,python,,s/sympy/sympy_ubi_9.3.sh,https://github.com/sympy/sympy.git,,migrated,,
termcolor,1.1.0,python,,t/termcolor/termcolor_ubi_9.3.sh,https://github.com/termcolor/termcolor.git,,migrated,,
terminado,${1:-,python,,t/terminado/terminado_ubi_9.3.sh,https://github.com/takluyver/terminado.git,,migrated,,
terminado,0.6,python,,t/terminado/terminado_rhel_7.3.sh,https://github.com/takluyver/terminado,,migrated,,
terminado,v0.17.1,python,,t/terminado/terminado_ubi_8_7.sh,https://github.com/takluyver/terminado.git,,migrated,,
textstat,${1:-,python,,t/textstat/textstat_ubi_9.3.sh,https://github.com/textstat/textstat,,migrated,,
textstat,0.6.0,python,,t/textstat/textstat_rhel_7.6.sh,https://github.com/shivam5992/textstat,,migrated,,
textstat,0.7.4,python,,t/textstat/textstat_ubi_8_7.sh,https://github.com/textstat/textstat,,migrated,,
tornado,v6.4.2,python,,t/tornado/tornado_ubi_9.3.sh,https://github.com/tornadoweb/tornado,,migrated,,
treepoem,${1:-,python,,t/treepoem/treepoem_3.27.1_ubi_9.3.sh,https://github.com/adamchainz/treepoem,,migrated,,
treepoem,${1:-,python,,t/treepoem/treepoem_ubi_9_3.sh,https://github.com/adamchainz/treepoem,,migrated,,
treepoem,v3.3.1,python,,t/treepoem/treepoem_rhel_7.6.sh,https://github.com/adamchainz/treepoem.git,,migrated,,
tzdata,${1:-,python,,t/tzdata/tzdata_ubi_9.3.sh,https://github.com/python/tzdata.git,,migrated,,
ujson,5.10.0,python,,u/ujson/ujson_ubi_9.3.sh,https://github.com/ultrajson/ultrajson,,migrated,,
uritools,v5.0.0,python,,u/uritools/uritools_ubi_9.3.sh,https://github.com/tkem/uritools/,,migrated,,
uritools,3.0.1,python,,u/uritools/uritools_rhel_8.3.sh,https://github.com/tkem/uritools/,,migrated,,
uritools,v3.0.0,python,,u/uritools/uritools_ubi_8.5.sh,https://pypi.io/packages/source/u/uritools/uritools-3.0.0.tar.gz,,migrated,,
uvtools,v0.2.0,python,,u/uvtools/uvtools_ubi_9.3.sh,https://github.com/HERA-Team/uvtools,,migrated,,
uvtools,v0.2.0,python,,u/uvtools/uvtools_ubi_8.10.sh,https://github.com/HERA-Team/uvtools,,migrated,,
watchdog,v6.0.0,python,,w/watchdog/watchdog_ubi_9.3.sh,https://github.com/gorakhargosh/watchdog,,migrated,,
watchdog,v2.0.3,python,,w/watchdog/watchdog_ubi_8.5.sh,https://github.com/gorakhargosh/watchdog,,migrated,,
xattr,v1.1.4,python,,x/xattr/xattr_ubi_9.3.sh,https://github.com/xattr/xattr,,migrated,,
argparse,1.4.0,python,,a/argparse/argparse_rhel_7.3.sh,https://github.com/ThomasWaldmann/argparse.git,,migrated,,
argparse,1.4.0,python,,a/argparse/argparse_ubuntu_16.04.sh,https://github.com/ThomasWaldmann/argparse.git,,migrated,,
argparse,,python,,a/argparse/conda.recipe/build.sh,,,migrated,,
templates,# Source repo   :,python,,templates/build_script_python.sh,,,migrated,,
templates,# Source repo   :,python,,templates/build_script_python_create_wheel.sh,,,migrated,,
abseil-cpp,20240116.2,python,,a/abseil-cpp/abseil-cpp_ubi_9.3.sh,https://github.com/abseil/abseil-cpp,,migrated,,
aesara,rel-2.9.3,python,,a/aesara/aesara_ubi_8.7.sh,https://github.com/aesara-devs/aesara,,migrated,,
aesara,rel-2.9.4,python,,a/aesara/aesara_ubi_9.3.sh,https://github.com/aesara-devs/aesara,,migrated,,
aiohttp,v3.9.0,python,,a/aiohttp/aiohttp_ubi_9.3.sh,https://github.com/aio-libs/aiohttp.git,,migrated,,
aiohttp,v3.8.6,python,,a/aiohttp/aiohttp_v3.8.6_ubi_9.3.sh,https://github.com/aio-libs/aiohttp.git,,migrated,,
aiosignal,v1.2.0,python,,a/aiosignal/aiosignal_ubi_9.3.sh,https://github.com/aio-libs/aiosignal.git,,migrated,,
alabaster,1.0.0,python,,a/alabaster/alabaster_ubi_9.6.sh,https://github.com/sphinx-doc/alabaster,,migrated,,
ansible,v2.18.6,python,,a/ansible/ansible_ubi_9.3.sh,https://github.com/ansible/ansible.git,,migrated,,
ansible,v2.19.2,python,,a/ansible/ansible_ubi_9.6.sh,https://github.com/ansible/ansible,,migrated,,
ansible-builder,3.1.0,python,,a/ansible-builder/ansible-builder_ubi_9_3.sh,https://github.com/ansible/ansible-builder,,migrated,,
ansible-event-driven-ansible,v2.8.1,python,,a/ansible-event-driven-ansible/event-driven-ansible_ubi_9.3.sh,https://github.com/ansible/event-driven-ansible/,,migrated,,
ansible-navigator,v25.9.0,python,,a/ansible-navigator/ansible-navigator_ubi_9.6.sh,https://github.com/ansible/ansible-navigator.git,,migrated,,
ansible-rulebook,v1.1.2,python,,a/ansible-rulebook/ansible-rulebook_ubi_9_3.sh,https://github.com/ansible/ansible-rulebook.git,,migrated,,
ansible-sign,v0.1.2,python,,a/ansible-sign/ansible-sign_ubi_9.6.sh,https://github.com/ansible/ansible-sign.git,,migrated,,
ansible-sign,0.1.1,python,,a/ansible-sign/ansible-sign_ubi_8.7.sh,https://github.com/ansible/ansible-sign.git,,migrated,,
appdirs,1.4.4,python,,a/appdirs/appdirs_ubi_9.3.sh,https://github.com/ActiveState/appdirs.git,,migrated,,
argon2-cffi-bindings,21.2.0,python,,a/argon2-cffi-bindings/argon2-cffi-bindings_ubi_9.3.sh,https://github.com/hynek/argon2-cffi-bindings,,migrated,,
array_record,v0.6.0,python,,a/array_record/array_record_0.6.0_ubi_9.3.sh,https://github.com/google/array_record,,migrated,,
array_record,v0.5.0,python,,a/array_record/array_record_ubi_9.3.sh,https://github.com/google/array_record,,migrated,,
async_timeout,v5.0.1,python,,a/async_timeout/async_timeout_ubi_9.3.sh,https://github.com/aio-libs/async_timeout/,,migrated,,
async_timeout,3.0.1,python,,a/async_timeout/async_timeout_rhel_8.3.sh,https://github.com/aio-libs/async_timeout/,,migrated,,
autovizwidget,0.20.0,python,,a/autovizwidget/autovizwidget_ubi_9_3.sh,https://github.com/jupyter-incubator/sparkmagic,,migrated,,
azure-sdk-for-python,azure-mgmt-authorization_0.51.1,python,,a/azure-sdk-for-python/azure-autherization/azure-mgmt-authorization_ubi_8.sh,${2:-https://github.com/Azure/azure-sdk-for-python},,migrated,,
azure-sdk-for-python,azure-mgmt-batch_5.0.1,python,,a/azure-sdk-for-python/azure-mgmt-batch/azure-mgmt-batch_ubi_8.sh,${2:-https://github.com/Azure/azure-sdk-for-python},,migrated,,
azure-sdk-for-python,azure-mgmt-cdn_3.0.0,python,,a/azure-sdk-for-python/azure-mgmt-cdn/azure-mgmt-cdn_ubi_8.sh,${2:-https://github.com/Azure/azure-sdk-for-python},,migrated,,
azure-sdk-for-python,azure-mgmt-containerregistry_2.0.0,python,,a/azure-sdk-for-python/azure-mgmt-containerregistry/azure-mgmt-containerregistry_ubi_8.5.sh,https://github.com/Azure/azure-sdk-for-python.git,,migrated,,
azure-sdk-for-python,azure-mgmt-containerservice_4.4.0,python,,a/azure-sdk-for-python/azure-mgmt-containerservice/azure-mgmt-containerservice_ubi_8.5.sh,https://github.com/Azure/azure-sdk-for-python.git,,migrated,,
azure-sdk-for-python,azure-mgmt-cosmosdb_0.5.2,python,,a/azure-sdk-for-python/azure-mgmt-cosmosdb/azure-mgmt-cosmosdb_ubi_8.5.sh,https://github.com/Azure/azure-sdk-for-python.git,,migrated,,
azure-sdk-for-python,azure-mgmt-devtestlabs_3.0.0,python,,a/azure-sdk-for-python/azure-mgmt-devtestlabs/azure-mgmt-devtestlabs_ubi_8.5.sh,https://github.com/Azure/azure-sdk-for-python.git,,migrated,,
azure-sdk-for-python,azure-mgmt-dns_2.1.0,python,,a/azure-sdk-for-python/azure-mgmt-dns/azure-mgmt-dns_ubi_8.5.sh,https://github.com/Azure/azure-sdk-for-python.git,,migrated,,
azure-sdk-for-python,azure-mgmt-hdinsight_0.1.0,python,,a/azure-sdk-for-python/azure-mgmt-hdinsight/azure-mgmt-hdinsight_ubi_8.5.sh,https://github.com/Azure/azure-sdk-for-python.git,,migrated,,
azure-sdk-for-python,azure-mgmt-iothub_0.7.0,python,,a/azure-sdk-for-python/azure-mgmt-iothub/azure-mgmt-iothub_ubi_8.5.sh,https://github.com/Azure/azure-sdk-for-python.git,,migrated,,
azure-sdk-for-python,azure-mgmt-keyvault_1.1.0,python,,a/azure-sdk-for-python/azure-mgmt-keyvault/azure-mgmt-keyvault_ubi_8.5.sh,https://github.com/Azure/azure-sdk-for-python.git,,migrated,,
azure-sdk-for-python,azure-mgmt-loganalytics_0.2.0,python,,a/azure-sdk-for-python/azure-mgmt-loganalytics/azure-mgmt-loganalytics_ubi_8.5.sh,https://github.com/Azure/azure-sdk-for-python.git,,migrated,,
azure-sdk-for-python,azure-mgmt-marketplaceordering_0.1.0,python,,a/azure-sdk-for-python/azure-mgmt-marketplaceordering/azure-mgmt-marketplaceordering_ubi_8.5.sh,https://github.com/Azure/azure-sdk-for-python.git,,migrated,,
azure-sdk-for-python,azure-mgmt-monitor_0.5.2,python,,a/azure-sdk-for-python/azure-mgmt-monitor/azure-mgmt-monitor_ubi_8.5.sh,https://github.com/Azure/azure-sdk-for-python.git,,migrated,,
azure-sdk-for-python,azure-mgmt-network_2.3.0,python,,a/azure-sdk-for-python/azure-mgmt-network/azure-mgmt-network_ubi_8.5.sh,https://github.com/Azure/azure-sdk-for-python.git,,migrated,,
azure-sdk-for-python,azure-mgmt-nspkg_3.0.2,python,,a/azure-sdk-for-python/azure-mgmt-nspkg/azure-mgmt-nspkg_ubi_8.5.sh,https://github.com/Azure/azure-sdk-for-python.git,,migrated,,
azure-sdk-for-python,azure-mgmt-rdbms_1.4.1,python,,a/azure-sdk-for-python/azure-mgmt-rdbms/azure-mgmt-rdbms_ubi_8.5.sh,https://github.com/Azure/azure-sdk-for-python.git,,migrated,,
azure-sdk-for-python,azure-mgmt-redis_5.0.0,python,,a/azure-sdk-for-python/azure-mgmt-redis/azure-mgmt-redis_ubi_8.5.sh,https://github.com/Azure/azure-sdk-for-python.git,,migrated,,
azure-sdk-for-python,azure-mgmt-resource_2.1.0,python,,a/azure-sdk-for-python/azure-mgmt-resource/azure-mgmt-resource_ubi_8.5.sh,https://github.com/Azure/azure-sdk-for-python.git,,migrated,,
azure-sdk-for-python,azure-mgmt-servicebus_0.5.3,python,,a/azure-sdk-for-python/azure-mgmt-servicebus/azure-mgmt-servicebus_ubi_8.sh,${2:-https://github.com/Azure/azure-sdk-for-python},,migrated,,
azure-sdk-for-python,azure-mgmt-sql_0.10.0,python,,a/azure-sdk-for-python/azure-mgmt-sql_0.10.0_ubi_8.sh,${2:-https://github.com/Azure/azure-sdk-for-python},,migrated,,
azure-sdk-for-python,azure-mgmt-storage_3.1.0,python,,a/azure-sdk-for-python/azure-mgmt-storage/azure-mgmt-storage_ubi_8.5.sh,https://github.com/Azure/azure-sdk-for-python.git,,migrated,,
azure-sdk-for-python,azure-mgmt-trafficmanager_0.50.0,python,,a/azure-sdk-for-python/azure-mgmt-trafficmanager/azure-mgmt-trafficmanager_ubi_8.5.sh,https://github.com/Azure/azure-sdk-for-python.git,,migrated,,
azure-sdk-for-python,azure-mgmt-web_0.41.0,python,,a/azure-sdk-for-python/azure-mgmt-web/azure-mgmt-web_ubi_8.5.sh,https://github.com/Azure/azure-sdk-for-python.git,,migrated,,
azure-sdk-for-python,azure-nspkg_3.0.2,python,,a/azure-sdk-for-python/azure-nspkg/azure-nspkg_ubi_8.5.sh,https://github.com/Azure/azure-sdk-for-python.git,,migrated,,
azure-sdk-for-python,azure-mgmt-containerinstance_1.4.0,python,,a/azure-sdk-for-python/azure-mgmt-containerinstance_1.4.0_ubuntu_18.04.sh,https://github.com/Azure/azure-sdk-for-python.git,,migrated,,
azure-sdk-for-python,azure-mgmt-containerinstance_1.4.0,python,,a/azure-sdk-for-python/azure-mgmt-containerinstance_ubi_8.3.sh,https://github.com/Azure/azure-sdk-for-python.git,,migrated,,
backports.functools-lru-cache,v2.0.0,python,,b/backports.functools-lru-cache/backports.functools-lru-cache_ubi_9.3.sh,https://github.com/jaraco/backports.functools_lru_cache,,migrated,,
backports.functools-lru-cache,1.6.4,python,,b/backports.functools-lru-cache/backports.functools-lru-cache_rhel_8.3.sh,https://github.com/jaraco/backports.functools_lru_cache,,migrated,,
bcrypt,4.2.1,python,,b/bcrypt/bcrypt_ubi_9.3.sh,https://github.com/pyca/bcrypt,,migrated,,
black,22.12.0,python,,b/black/black_ubi_9.3.sh,https://github.com/psf/black.git,,migrated,,
boto3,1.37.27,python,,b/boto3/boto3_ubi_9.6.sh,https://github.com/boto/boto3,,migrated,,
brunsli,v0.1,python,,b/brunsli/brunsli_ubi_9.3.sh,https://github.com/google/brunsli.git,,migrated,,
bsdiff4,1.1.4,python,,b/bsdiff4/bsdiff4_rhel_7.3.sh,https://github.com/ilanschnell/bsdiff4,,migrated,,
bsdiff4,1.1.4,python,,b/bsdiff4/bsdiff4_ubuntu_16.04.sh,https://github.com/ilanschnell/bsdiff4,,migrated,,
btrees,5.1,python,,b/btrees/btrees_ubi_8.7.sh,https://github.com/zopefoundation/BTrees.git,,migrated,,
btrees,6.1,python,,b/btrees/btrees_ubi_9.3.sh,https://github.com/zopefoundation/Btrees,,migrated,,
btrees,4.3.1,python,,b/btrees/btrees_ubuntu_16.04.sh,https://github.com/zopefoundation/Btrees,,migrated,,
Cchardet,master,python,,c/Cchardet/Cchardet_ubi_9.6.sh,https://github.com/PyYoshi/cChardet,,migrated,,
Cchardet,2.1.6,python,,c/Cchardet/cChardet_rhel_7.6.sh,https://github.com/PyYoshi/cChardet,,migrated,,
cassandra-driver,3.29.0,python,,c/cassandra-driver/cassandra-driver_ubi_9.3.sh,http://github.com/datastax/python-driver,,migrated,,
catboost,v1.2.5,python,,c/catboost/catboost-1.2.5_ubi_9.3.sh,https://github.com/catboost/catboost.git,,migrated,,
certipy,main,python,,c/certipy/certipy_ubi_9.3.sh,https://github.com/LLNL/certipy.git,,migrated,,
cffi,v1.15.1,python,,c/cffi/cffi_ubi_9_3.sh,https://github.com/python-cffi/cffi.git,,migrated,,
chalice,1.32.0,python,,c/chalice/chalice_ubi_9.3.sh,https://github.com/aws/chalice,,migrated,,
chalice,"1.24.2,1.22.4 ,1.21.8",python,,c/chalice/chalice_ubi_8.3.sh,https://github.com/aws/chalice,,migrated,,
chroma-hnswlib,0.7.3,python,,c/chroma-hnswlib/chroma-hnswlib_ubi_9.3.sh,https://github.com/chroma-core/hnswlib,,migrated,,
clawpack,v5.12.0,python,,c/clawpack/clawpack_ubi_9.3.sh,https://github.com/clawpack/clawpack,,migrated,,
clawpack,5.4.1,python,,c/clawpack/clawpack_rhel_7.3.sh,https://github.com/clawpack/clawpack,,migrated,,
clawpack,5.4.1,python,,c/clawpack/clawpack_ubuntu_16.04.sh,https://github.com/clawpack/clawpack,,migrated,,
cloudpickle,v3.0.0,python,,c/cloudpickle/cloudpickle_ubi_8.7.sh,https://github.com/cloudpipe/cloudpickle.git,,migrated,,
cloudpickle,v3.1.1,python,,c/cloudpickle/cloudpickle_ubi_9.3.sh,https://github.com/cloudpipe/cloudpickle,,migrated,,
cloudpickle,0.5.2,python,,c/cloudpickle/cloudpickle_ubuntu_16.04.sh,https://github.com/cloudpipe/cloudpickle.git,,migrated,,
confluent-kafka,v2.10.0,python,,c/confluent-kafka/confluent-kafka_ubi_9.3.sh,https://github.com/confluentinc/confluent-kafka-python.git,,migrated,,
confluent-kafka,1.7.0,python,,c/confluent-kafka/confluent-kafka_ubi8_3.sh,https://github.com/confluentinc/confluent-kafka-python,,migrated,,
confluent-kafka,v0.11.5,python,,c/confluent-kafka/confluent-kafka_ubi_8.3.sh,https://github.com/confluentinc/confluent-kafka-python,,migrated,,
contourpy,v1.3.1,python,,c/contourpy/contourpy_1.3.1_ubi_9.5.sh,https://github.com/contourpy/contourpy,,migrated,,
contourpy,v1.0.5,python,,c/contourpy/contourpy_ubi_9.3.sh,https://github.com/contourpy/contourpy,,migrated,,
crontab,${1:-,python,,c/crontab/crontab_ubi8.4.sh,https://github.com/josiahcarlson/parse-crontab.git,,migrated,,
cryptography,39.0.1,python,,c/cryptography/cryptography_39.0.1_ubi_9.3.sh,https://github.com/pyca/cryptography,,migrated,,
cryptography,44.0.0,python,,c/cryptography/cryptography_43.0.1_ubi_9.3.sh,https://github.com/pyca/cryptography.git,,migrated,,
cryptography,38.0.1,python,,c/cryptography/cryptography_ubi_9.3.sh,https://github.com/pyca/cryptography.git,,migrated,,
cryptography,43.0.3,python,,c/cryptography/cryptography_ubi_8.10.sh,https://github.com/pyca/cryptography/,,migrated,,
cutadapt,1.8.1,python,,c/cutadapt/cutadapt_rhel_7.3.sh,https://pypi.python.org/pypi/cutadapt/1.8.1,,migrated,,
cutadapt,1.8.1,python,,c/cutadapt/cutadapt_ubuntu_16.04.sh,https://pypi.python.org/pypi/cutadapt/1.8.1,,migrated,,
cycler,v0.12.1,python,,c/cycler/cycler_ubi_8.7.sh,https://github.com/matplotlib/cycler.git,,migrated,,
cycler,0.10.0,python,,c/cycler/cycler_rhel_7.3.sh,https://github.com/matplotlib/cycler,,migrated,,
cymem,v2.0.7,python,,c/cymem/cymem_ubi_9.6.sh,https://github.com/explosion/cymem,,migrated,,
cython,0.29.36,python,,c/cython/cython_ubi_9.6.sh,https://github.com/cython/cython/,,migrated,,
cytoolz,1.0.1,python,,c/cytoolz/cytoolz_1.0.1_ubi_9.5.sh,https://github.com/pytoolz/cytoolz.git,,migrated,,
cytoolz,0.12.2,python,,c/cytoolz/cytoolz_ubi_8.7.sh,https://github.com/pytoolz/cytoolz.git,,migrated,,
cytoolz,0.12.0,python,,c/cytoolz/cytoolz_ubi_9.3.sh,https://github.com/pytoolz/cytoolz.git,,migrated,,
distributed,1.16.1,python,,d/distributed/distributed_rhel_7.3.sh,https://github.com/dask/distributed.git,,migrated,,
distributed,1.16.1,python,,d/distributed/distributed_ubuntu_16.04.sh,https://github.com/dask/distributed.git,,migrated,,
distro,v1.9.0,python,,d/distro/distro_ubi_9.3.sh,https://github.com/python-distro/distro,,migrated,,
django,5.0.7,python,,d/django/django_ubi_9.3.sh,https://github.com/django/django,,migrated,,
django,2.2,python,,d/django/django_rhel_7.4.sh,https://github.com/django/django.git,,migrated,,
django,2.2,python,,d/django/django_ubuntu_16.04.sh,https://github.com/django/django.git,,migrated,,
dm-tree,0.1.7,python,,d/dm-tree/dm-tree_ubi_9.3.sh,https://github.com/deepmind/tree,,migrated,,
dm-tree,0.1.8,python,,d/dm-tree/dm-tree_ubi_0.1.8_9.3.sh,https://github.com/deepmind/tree,,migrated,,
dulwich,dulwich-0.21.7,python,,d/dulwich/dulwich_0.21.7_ubi_9.3.sh,https://github.com/jelmer/dulwich.git,,migrated,,
editdistance,v0.8.1,python,,e/editdistance/editdistance_ubi_9.3.sh,https://github.com/roy-ht/editdistance,,migrated,,
einops,v0.8.1,python,,e/einops/einops_ubi_9.6.sh,https://github.com/arogozhnikov/einops,,migrated,,
executing,0.6.0,python,,e/executing/executing_ubi_8.3.sh,https://github.com/alexmojaki/executing,,migrated,,
fastavro,1.12.1,python,,f/fastavro/fastavro_ubi_9.6.sh,https://github.com/fastavro/fastavro,,migrated,,
fiona,1.9.5,python,,f/fiona/fiona_ubi_8.7.sh,https://github.com/Toblerity/Fiona,,migrated,,
fiona,1.10.1,python,,f/fiona/fiona_ubi_9.6.sh,https://github.com/Toblerity/Fiona,,migrated,,
fire,v0.4.0,python,,f/fire/fire_ubi_9.3.sh,https://github.com/google/python-fire,,migrated,,
flask-security,5.6.2,python,,f/flask-security/flask-security_ubi_9.6.sh,https://github.com/pallets-eco/flask-security,,migrated,,
flask-security,4.1.2,python,,f/flask-security/flask-security_ubi_8.sh,https://github.com/Flask-Middleware/flask-security.git,,migrated,,
flatbuffers,v2.0.0,python,,f/flatbuffers/flatbuffers_ubi_9.6.sh,https://github.com/google/flatbuffers.git,,migrated,,
fsspec,2025.3.2,python,,f/fsspec/fsspec_ubi_9.6.sh,https://github.com/fsspec/filesystem_spec,,migrated,,
future,v0.18.3,python,,f/future/future_ubi_9.3.sh,https://github.com/PythonCharmers/python-future,,migrated,,
galaxy_ng,4.10.6,python,,g/galaxy_ng/galaxy_ng_ubi_9.6.sh,https://github.com/ansible/galaxy_ng.git,,migrated,,
gensim,4.3.2,python,,g/gensim/gensim_ubi_9_3.sh,https://github.com/RaRe-Technologies/gensim,,migrated,,
gensim,4.3.3,python,,g/gensim/gensim_4.3.3_ubi_9.5.sh,https://github.com/RaRe-Technologies/gensim,,migrated,,
gensim,3.8.1,python,,g/gensim/gensim_rhel_7.6.sh,https://github.com/RaRe-Technologies/gensim,,migrated,,
gensim,3.4.0,python,,g/gensim/gensim_ubuntu_16.04.sh,https://github.com/piskvorky/gensim.git,,migrated,,
geomet,1.1.0,python,,g/geomet/geomet_ubi_9.3.sh,https://github.com/geomet/geomet,,migrated,,
geomet,0.1.0,python,,g/geomet/geomet_rhel_8.3.sh,https://github.com/geomet/geomet,,migrated,,
glance,zed-eom,python,,g/glance/glance_ubi_9.3.sh,https://github.com/openstack/glance,,migrated,,
glance,yoga-eom,python,,g/glance/glance_ubi_8.7.sh,https://github.com/openstack/glance,,migrated,,
glog,0.3.1,python,,g/glog/glog_ubi_9.3.sh,https://github.com/benley/python-glog,,migrated,,
google-crc32c,v1.7.1,python,,g/google-crc32c/google-crc32c_ubi_9.6.sh,https://github.com/googleapis/python-crc32c,,migrated,,
graphviz,0.20.2,python,,g/graphviz/graphviz_ubi_9.3.sh,https://github.com/xflr6/graphviz,,migrated,,
griffe,1.7.2,python,,g/griffe/griffe_ubi_9.6.sh,https://github.com/mkdocstrings/griffe,,migrated,,
h5py,3.11.0,python,,h/h5py/h5py_3.11.0_ubi_9.3.sh,https://github.com/h5py/h5py.git,,migrated,,
h5py,3.7.0,python,,h/h5py/h5py_ubi_9.3.sh,https://github.com/h5py/h5py.git,,migrated,,
h5py,3.15.0,python,,h/h5py/h5py_3.15.0_ubi_9.3.sh,https://github.com/h5py/h5py.git,,migrated,,
hf-xet,v1.1.0,python,,h/hf-xet/hf-xet_ubi_9.3.sh,https://github.com/huggingface/xet-core,,migrated,,
htpasswd,2.3,python,,h/htpasswd/htpasswd_ubi_9.3.sh,https://github.com/thesharp/htpasswd,,migrated,,
httptools,v0.6.4,python,,h/httptools/httptools_ubi_9.3.sh,https://github.com/MagicStack/httptools.git,,migrated,,
httptools,v0.6.4,python,,h/httptools/httptools_ubi_8.10.sh,https://github.com/MagicStack/httptools.git,,migrated,,
httpx-sse,0.4.0,python,,h/httpx-sse/httpx-sse_ubi_9.6.sh,https://github.com/florimondmanca/httpx-sse,,migrated,,
ibm_db,v3.2.3,python,,i/ibm_db/ibm_db_ubi_9.3.sh,https://github.com/ibmdb/python-ibmdb.git,,migrated,,
ijson,v3.4.0,python,,i/ijson/ijson_ubi_9.3.sh,https://github.com/ICRAR/ijson.git,,migrated,,
imbalanced-learn,0.12.2,python,,i/imbalanced-learn/imbalanced-learn_ubi_9.3.sh,https://github.com/scikit-learn-contrib/imbalanced-learn.git,,migrated,,
iminuit,${1:-,python,,i/iminuit/iminuit_ubi_9.3.sh,https://github.com/iminuit/iminuit.git,,migrated,,
iminuit,,python,,i/iminuit/conda.recipe/build.sh,,,migrated,,
iminuit,1.2,python,,i/iminuit/iminuit_ubuntu_16.04.sh,https://github.com/iminuit/iminuit,,migrated,,
import-tracker,3.2.1,python,,i/import-tracker/import_tracker_ubi_9.3.sh,https://github.com/IBM/import-tracker.git,,migrated,,
incremental,incremental-24.7.2,python,,i/incremental/incremental_ubi_9.3.sh,https://github.com/twisted/incremental,,migrated,,
incremental,16.10.1,python,,i/incremental/incremental_rhel_7.3.sh,https://github.com/hawkowl/incremental,,migrated,,
incremental,incremental-22.10.0,python,,i/incremental/incremental_ubi_8_7.sh,https://github.com/twisted/incremental,,migrated,,
incremental,16.10.1,python,,i/incremental/incremental_ubuntu_16.04.sh,https://github.com/hawkowl/incremental,,migrated,,
infinispan,10.1.0.Beta1,python,,i/infinispan/infinispan_build_ppc64le_rhel7.6.sh,https://github.com/infinispan/infinispan,,migrated,,
inflection,master,python,,i/inflection/inflection_ubi_8.7.sh,https://github.com/jpvanhal/inflection.git,,migrated,,
inflection,0.3.1,python,,i/inflection/inflection_rhel_7.3.sh,https://github.com/jpvanhal/inflection,,migrated,,
inflection,0.3.1,python,,i/inflection/inflection_ubuntu_16.04.sh,https://github.com/jpvanhal/inflection,,migrated,,
ipykernel,v6.25.0,python,,i/ipykernel/ipykernel_ubi_8_7.sh,https://github.com/ipython/ipykernel,,migrated,,
ipykernel,v6.29.4,python,,i/ipykernel/ipykernel_ubi_9.6.sh,https://github.com/ipython/ipykernel,,migrated,,
itsdangerous,2.1.2,python,,i/itsdangerous/itsdangerous_ubi_8_7.sh,https://github.com/pallets/itsdangerous,,migrated,,
jaraco.packaging,v10.2.3,python,,j/jaraco.packaging/jaraco.packaging_ubi_9.3.sh,https://github.com/jaraco/jaraco.packaging,,migrated,,
jaraco.packaging,8.1.0,python,,j/jaraco.packaging/jaraco.packaging_rhel_8.3.sh,https://github.com/jaraco/jaraco.packaging,,migrated,,
jaraco.test,v5.5.1,python,,j/jaraco.test/jaraco.test_ubi_9.3.sh,https://github.com/jaraco/jaraco.test,,migrated,,
jaraco.test,v5.0.0,python,,j/jaraco.test/jaraco.test_ubi_8.5.sh,https://github.com/jaraco/jaraco.test,,migrated,,
jaro-winkler-distance,v2.0.0,python,,j/jaro-winkler-distance/jaro-winkler-distance_ubi_9.3.sh,https://github.com/nap/jaro-winkler-distance,,migrated,,
jaro-winkler-distance,commit #835bede,python,,j/jaro-winkler-distance/jaro-winkler-distance_rhel_7.6.sh,https://github.com/nap/jaro-winkler-distance,,migrated,,
jasper,0.1,python,,j/jasper/jasper_ubi_9.3.sh,https://github.com/tylerlaberge/Jasper,,migrated,,
javabridge,master,python,,j/javabridge/javabridge_ubi_9.6.sh,https://github.com/LeeKamentsky/python-javabridge,,migrated,,
javabridge,,python,,j/javabridge/conda.recipe/build.sh,,,migrated,,
javabridge,1.0.0pr3,python,,j/javabridge/javabridge_ubuntu_16.04.sh,https://github.com/LeeKamentsky/python-javabridge,,migrated,,
jax,jax-v0.4.7,python,,j/jax/jax_ubi_9.3.sh,https://github.com/jax-ml/jax,,migrated,,
jaxlib,jaxlib-v0.4.7,python,,j/jaxlib/jaxlib_ubi_9.3.sh,https://github.com/jax-ml/jax,,migrated,,
jdcal,master,python,,j/jdcal/jdcal_ubi_8.7.sh,https://github.com/phn/jdcal,,migrated,,
joblib,1.3.2,python,,j/joblib/joblib_ubi_9.6.sh,https://github.com/joblib/joblib,,migrated,,
jpype,v1.5.0,python,,j/jpype/jpype_ubi_9.3.sh,https://github.com/jpype-project/jpype.git,,migrated,,
jsonschema-specifications,v2024.10.1,python,,j/jsonschema-specifications/jsonschema-specifications_ubi_9.3.sh,https://github.com/python-jsonschema/jsonschema-specifications,,migrated,,
jupyter,v1.1.1,python,,j/jupyter/jupyter_ubi_9.3.sh,https://github.com/jupyter/jupyter,,migrated,,
jupyter,1.0.0,python,,j/jupyter/jupyter_rhel_7.3.sh,https://github.com/jupyter/jupyter,,migrated,,
jupyter,1.0.0,python,,j/jupyter/jupyter_ubuntu_16.04.sh,https://github.com/jupyter/jupyter,,migrated,,
jupyter_core,v5.5.0,python,,j/jupyter_core/jupyter_core_ubi_8.7.sh,https://github.com/jupyter/jupyter_core.git,,migrated,,
jupyter_core,v5.8.1,python,,j/jupyter_core/jupyter_core_ubi_9.3.sh,https://github.com/jupyter/jupyter_core.git,,migrated,,
kafka-python,2.0.2,python,,k/kafka-python/kafka-python_ubi_8.5.sh,https://github.com/dpkp/kafka-python,,migrated,,
kafka-python,2.2.10,python,,k/kafka-python/kafka-python_ubi_9.3.sh,https://github.com/dpkp/kafka-python,,migrated,,
langchain,langchain==0.3.27,python,,l/langchain/langchain_ubi_9.6.sh,https://github.com/langchain-ai/langchain,,migrated,,
langdetect,1.0.8,python,,l/langdetect/langdetect_ubi_9.6.sh,https://github.com/Mimino666/langdetect,,migrated,,
libclang,llvm-18.1.1,python,,l/libclang/libclang_ubi_9.3.sh,https://github.com/sighingnow/libclang.git,,migrated,,
libvpx,v1.13.1,python,,l/libvpx/libvpx_ubi_9.3.sh,https://github.com/webmproject/libvpx,,migrated,,
lightgbm,v3.3.2,python,,l/lightgbm/lightgbm_ubi_9.3.sh,https://github.com/microsoft/LightGBM.git,,migrated,,
lightgbm,v4.2.0,python,,l/lightgbm/lightgbm_4.2.0_ubi_9.3.sh,https://github.com/microsoft/LightGBM.git,,migrated,,
lightgbm,v4.6.0,python,,l/lightgbm/lightgbm_4.6.0_ubi_9.3.sh,https://github.com/microsoft/LightGBM.git,,migrated,,
lightgbm,2.2.4,python,,l/lightgbm/h2o_lightgbm_integrate.sh,,,migrated,,
lightgbm,2.1.0,python,,l/lightgbm/lightGBM_centos_7.3_gpu.sh,https://github.com/Microsoft/LightGBM,,migrated,,
lightgbm,2.2.4,python,,l/lightgbm/lightGBM_rhel_cuda.sh,,,migrated,,
lightgbm,2.1.0,python,,l/lightgbm/lightGBM_ubuntu_16.04_gpu.sh,https://github.com/Microsoft/LightGBM,,migrated,,
llguidance,v0.7.19,python,,l/llguidance/llguidance_ubi_9.3.sh,https://github.com/microsoft/llguidance,,migrated,,
llvmlite,${1:-,python,,l/llvmlite/llvmlite_ubi_9.3.sh,https://github.com/numba/llvmlite,,migrated,,
llvmlite,v0.45.0,python,,l/llvmlite/llvmlite_v0.45.0_ubi_9_3.sh,https://github.com/numba/llvmlite.git,,migrated,,
llvmlite,v0.44.0rc1,python,,l/llvmlite/llvmlite_v0.44.0rc1_ubi_9_3.sh,https://github.com/numba/llvmlite,,migrated,,
llvmlite,v0.41.1,python,,l/llvmlite/llvmlite_v0.41.1_ubi_9_3.sh,https://github.com/numba/llvmlite,,migrated,,
llvmlite,v0.43.0,python,,l/llvmlite/llvmlite_v0.43.0_ubi_9_3.sh,https://github.com/numba/llvmlite,,migrated,,
llvmlite,v0.41.1,python,,l/llvmlite/llvmlite_ubi_8_7.sh,https://github.com/numba/llvmlite,,migrated,,
logbook,1.5.3,python,,l/logbook/logbook_ubi_9.6.sh,https://github.com/getlogbook/logbook,,migrated,,
logbook,1.0.0,python,,l/logbook/logbook_rhel_7.6.sh,https://github.com/getlogbook/logbook,,migrated,,
luigi,v3.6.0,python,,l/luigi/luigi_ubi_9.3.sh,https://github.com/spotify/luigi.git,,migrated,,
luigi,3.4.0,python,,l/luigi/luigi_ubi_8.7.sh,https://github.com/spotify/luigi.git,,migrated,,
matplotlib,v3.7.1,python,,m/matplotlib/matplotlib_3.7.1_ubi_9.3.sh,https://github.com/matplotlib/matplotlib.git,,migrated,,
matplotlib,v3.8.0,python,,m/matplotlib/matplotlib_3.8.0_ubi_9.3.sh,https://github.com/matplotlib/matplotlib.git,,migrated,,
matplotlib,v3.10.3,python,,m/matplotlib/matplotlib_ubi_9.3.sh,https://github.com/matplotlib/matplotlib.git,,migrated,,
matplotlib,v3.8.2,python,,m/matplotlib/matplotlib_ubi_8.10.sh,https://github.com/matplotlib/matplotlib.git,,migrated,,
microsoft-authentication-extensions-for-python,1.2.0,python,,m/microsoft-authentication-extensions-for-python/microsoft-authentication-extensions-for-python_ubi_9.6.sh,https://github.com/AzureAD/microsoft-authentication-extensions-for-python,,migrated,,
milvus-lite,v2.4.12,python,,m/milvus-lite/milvus-lite_ubi_9.3.sh,https://github.com/milvus-io/milvus-lite,,migrated,,
milvus-lite,${SCRIPT_PACKAGE_VERSION},python,,m/milvus-lite/milvus-lite_2.5.0_ubi_9.6.sh,https://github.com/milvus-io/milvus-lite,,migrated,,
ml_dtypes,0.1.0,python,,m/ml_dtypes/mldtypes_ubi_9.3.sh,https://github.com/jax-ml/ml_dtypes.git,,migrated,,
ml_dtypes,v0.4.1,python,,m/ml_dtypes/ml_dtypes_v0.4.1_ubi_9.3.sh,https://github.com/jax-ml/ml_dtypes.git,,migrated,,
mock,5.2.0,python,,m/mock/mock_ubi_9.3.sh,https://github.com/testing-cabal/mock,,migrated,,
mock,2.0.1,python,,m/mock/mock_ubuntu_16.04.sh,https://github.com/testing-cabal/mock,,migrated,,
mongo-python-driver,4.6.0,python,,m/mongo-python-driver/mongo-python-driver_ubi_8.7.sh,https://github.com/mongodb/mongo-python-driver,,migrated,,
mongoengine,v0.19.1,python,,m/mongoengine/mongoengine_rhel_7.6.sh,https://github.com/MongoEngine/mongoengine,,migrated,,
msgspec,0.19.0,python,,m/msgspec/msgspec_ubi_9.3.sh,https://github.com/jcrist/msgspec,,migrated,,
multidict,v6.0.2,python,,m/multidict/multidict_ubi_9.3.sh,https://github.com/aio-libs/multidict.git,,migrated,,
multipart,v1.2.1,python,,m/multipart/multipart_ubi_9.3.sh,https://github.com/defnull/multipart,,migrated,,
multipart,0.1,python,,m/multipart/multipart_ubuntu_16.04.sh,https://github.com/defnull/multipart,,migrated,,
natsort,8.4.0,python,,n/natsort/natsort_ubi_9.6.sh,https://github.com/SethMMorton/natsort,,migrated,,
notebook,v6.5.4,python,,n/notebook/notebook_ubi_9.3.sh,https://github.com/jupyter/notebook,,migrated,,
nova,29.1.0,python,,n/nova/nova_ubi_9.3.sh,https://github.com/openstack/nova,,migrated,,
numba,${1:-,python,,n/numba/numba_ubi_9.3.sh,https://github.com/numba/numba,,migrated,,
numba,0.62.0,python,,n/numba/numba_0.62.0_ubi_9.3.sh,https://github.com/numba/numba,,migrated,,
numba,0.63.0,python,,n/numba/numba_0.63.0_ubi_9.3.sh,https://github.com/numba/numba,,migrated,,
numexpr,v2.10.2,python,,n/numexpr/numexpr_2.10.2_ubi_9.3.sh,https://github.com/pydata/numexpr.git,,migrated,,
numexpr,v2.8.7,python,,n/numexpr/numexpr_2.11.0_ubi_9.3.sh,https://github.com/pydata/numexpr.git,,migrated,,
numexpr,v2.8.4,python,,n/numexpr/numexpr_ubi_9.3.sh,https://github.com/pydata/numexpr.git,,migrated,,
odoo,17.0,python,,o/odoo/odoo_ubi_9.3.sh,https://github.com/odoo/odoo,,migrated,,
odoo,16.0,python,,o/odoo/odoo_16.0_ubi_8.5.sh,https://github.com/odoo/odoo,,migrated,,
odoo,,python,,o/odoo/Dockerfiles/16.0_debian_bullseye/entrypoint.sh,,,migrated,,
openai-harmony,v0.0.4,python,,o/openai-harmony/openai-harmony_v0.0.4_ubi_9.6.sh,https://github.com/openai/harmony.git,,migrated,,
openapi-schema-validator,0.6.3,python,,o/openapi-schema-validator/openapi-schema-validator_ubi_9.3.sh,https://github.com/p1c2u/openapi-schema-validator,,migrated,,
openapi-schema-validator,0.1.4 & 0.1.5,python,,o/openapi-schema-validator/openapi-schema-validator_ubi_8.3.sh,https://github.com/p1c2u/openapi-schema-validator,,migrated,,
opencv-python-headless,84,python,,o/opencv-python-headless/opencv-python-headless_ubi_8.10.sh,https://github.com/opencv/opencv-python,,migrated,,
opencv-python-headless,84,python,,o/opencv-python-headless/opencv-python-headless_4.10.0.84_ubi_9.3.sh,https://github.com/opencv/opencv-python,,migrated,,
opencv-python-headless,88,python,,o/opencv-python-headless/opencv-python-headless_ubi_9.3.sh,https://github.com/opencv/opencv-python,,migrated,,
opentelemetry-python,v1.37.0,python,,o/opentelemetry-python/opentelemetry-python_ubi_9.6.sh,https://github.com/open-telemetry/opentelemetry-python,,migrated,,
opentelemetry-python,${1:-,python,,o/opentelemetry-python/opentelemetry-python_ubi_8.5.sh,https://github.com/open-telemetry/opentelemetry-python,,migrated,,
opentelemetry-python-contrib,v1.16.0,python,,o/opentelemetry-python-contrib/opentelemetry-python-contrib_ubi_9.6.sh,https://github.com/open-telemetry/opentelemetry-python-contrib,,migrated,,
opentelemetry-python-contrib,${1:-,python,,o/opentelemetry-python-contrib/opentelemetry-python-contrib_rhel_8.3.sh,https://github.com/open-telemetry/opentelemetry-python-contrib,,migrated,,
optree,v0.14.1,python,,o/optree/optree_ubi_9.6.sh,https://github.com/metaopt/optree,,migrated,,
opus,v1.3.1,python,,o/opus/opus_ubi_9.3.sh,https://github.com/xiph/opus,,migrated,,
ormsgpack,1.9.1,python,,o/ormsgpack/ormsgpack_ubi_9.3.sh,https://github.com/aviramha/ormsgpack.git,,migrated,,
pallets-sphinx-themes,2.3.0,python,,p/pallets-sphinx-themes/pallets-sphinx-themes_ubi_9.3.sh,https://github.com/pallets/pallets-sphinx-themes,,migrated,,
pallets-sphinx-themes,1.2.3,python,,p/pallets-sphinx-themes/pallets-sphinx-themes_rhel_8.3.sh,https://github.com/pallets/pallets-sphinx-themes/,,migrated,,
pandas,v1.5.3,python,,p/pandas/pandas_1.5.3_ubi_9.3.sh,https://github.com/pandas-dev/pandas.git,,migrated,,
pandas,v2.1.1,python,,p/pandas/pandas_2.1.1_ubi_9.3.sh,https://github.com/pandas-dev/pandas.git,,migrated,,
pandas,v2.2.3,python,,p/pandas/pandas_2.2.3_ubi_9.5.sh,https://github.com/pandas-dev/pandas.git,,migrated,,
pandas,v2.3.0,python,,p/pandas/pandas_ubi_9.3.sh,https://github.com/pandas-dev/pandas.git,,migrated,,
pandas,v2.2.2,python,,p/pandas/pandas_ubi_8.10.sh,https://github.com/pandas-dev/pandas.git,,migrated,,
patroni,v4.0.5,python,,p/patroni/patroni_ubi_9.3.sh,https://github.com/zalando/patroni,,migrated,,
patroni,${1:-,python,,p/patroni/patroni_ubi_8.3.sh,https://github.com/zalando/patroni,,migrated,,
poetry,1.8.5,python,,p/poetry/poetry_ubi_9.3.sh,https://github.com/python-poetry/poetry.git,,migrated,,
poetry-plugin-export,1.8.0,python,,p/poetry-plugin-export/poetry-plugin-export_ubi_9.3.sh,https://github.com/python-poetry/poetry-plugin-export.git,,migrated,,
portalocker,v2.10.1,python,,p/portalocker/portalocker_ubi_9.6.sh,https://github.com/wolph/portalocker,,migrated,,
primp,v0.8.1,python,,p/primp/primp_ubi_9.3.sh,https://github.com/deedy5/primp.git,,migrated,,
propcache,v0.2.0,python,,p/propcache/propcache_ubi_9.6.sh,https://github.com/aio-libs/propcache,,migrated,,
psycopg2,${1:-,python,,p/psycopg2/psycopg2_ubi_9.3.sh,https://github.com/psycopg/psycopg2,,migrated,,
psycopg2-binary,2_8_6,python,,p/psycopg2-binary/psycopg2_2.8.6_2.9.1_ubuntu_18.04.sh,https://github.com/psycopg/psycopg2.git,,migrated,,
psycopg2-binary,2_8_6,python,,p/psycopg2-binary/psycopg2_ubi8_3.sh,https://github.com/psycopg/psycopg2.git,,migrated,,
psycopg2cffi,2.9.0,python,,p/psycopg2cffi/psycopg2cffi_2.8.1_2.9.0_ubuntu_18.04.sh,https://github.com/chtd/psycopg2cffi.git,,migrated,,
psycopg2cffi,2.9.0,python,,p/psycopg2cffi/psycopg2cffi_2.8.1_2.9.0_ubi8_3.sh,https://github.com/chtd/psycopg2cffi.git,,migrated,,
pulp-ansible,0.28.0,python,,p/pulp-ansible/pulp_ansible_ubi_9.6.sh,https://github.com/pulp/pulp_ansible.git,,migrated,,
pure-eval,v0.2.3,python,,p/pure-eval/pure-eval_ubi_9.3.sh,https://github.com/alexmojaki/pure_eval,,migrated,,
pure-eval,0.2.1,python,,p/pure-eval/pure-eval_rhel_8.3.sh,http://github.com/alexmojaki/pure_eval,,migrated,,
pyclaw,v5.12.0,python,,p/pyclaw/pyclaw_ubi_9.3.sh,https://github.com/clawpack/pyclaw.git,,migrated,,
pyclaw,5.4.1,python,,p/pyclaw/pyclaw_rhel_7.3.sh,https://github.com/clawpack/pyclaw,,migrated,,
pyclaw,5.4.1,python,,p/pyclaw/pyclaw_ubuntu_16.04.sh,https://github.com/clawpack/pyclaw,,migrated,,
pyclipper,1.3.0.post6,python,,p/pyclipper/pyclipper_ubi_9.3.sh,https://github.com/fonttools/pyclipper,,migrated,,
pyclipper,1.4.0,python,,p/pyclipper/pyclipper_ubi_9.6.sh,https://github.com/fonttools/pyclipper,,migrated,,
pycurl,REL_7_45_6,python,,p/pycurl/pycurl_ubi_9.6.sh,https://github.com/pycurl/pycurl,,migrated,,
pydantic,v2.10.3,python,,p/pydantic/pydantic_ubi_9.6.sh,https://github.com/pydantic/pydantic,,migrated,,
pydantic-core,v2.27.1,python,,p/pydantic-core/pydantic-core_ubi_9.6.sh,https://github.com/pydantic/pydantic-core,,migrated,,
pyenchant,v3.2.0,python,,p/pyenchant/pyenchant_ubi_8.5.sh,https://github.com/pyenchant/pyenchant.git,,migrated,,
pygments,2.19.1,python,,p/pygments/pygments_ubi_9.3.sh,https://github.com/pygments/pygments,,migrated,,
pyinotify,0.9.6,python,,p/pyinotify/pyinotify_ubi_9.6.sh,http://github.com/seb-m/pyinotify,,migrated,,
pylatexenc,v2.10,python,,p/pylatexenc/pylatexenc_ubi_9.3.sh,https://github.com/phfaist/pylatexenc,,migrated,,
pynacl,1.5.0,python,,p/pynacl/pynacl_ubi_9.6.sh,https://github.com/pyca/pynacl,,migrated,,
pyproj,3.7.0,python,,p/pyproj/pyproj_ubi_9.3.sh,https://github.com/pyproj4/pyproj.git,,migrated,,
pyproj,3.6.1,python,,p/pyproj/pyproj_ubi_8.10.sh,https://github.com/pyproj4/pyproj.git,,migrated,,
pyramid_chameleon,master,python,,p/pyramid_chameleon/pyramid_chameleon_ubi_8.7.sh,https://github.com/Pylons/pyramid_chameleon,,migrated,,
pyramid_chameleon,,python,,p/pyramid_chameleon/conda.recipe/build.sh,,,migrated,,
pyramid_chameleon,0.3,python,,p/pyramid_chameleon/pyramid_chameleon_ubuntu_16.04.sh,https://github.com/Pylons/pyramid_chameleon,,migrated,,
pyramid_debugtoolbar,4.12.1,python,,p/pyramid_debugtoolbar/pyramid_debugtoolbar_ubi_9.3.sh,https://github.com/Pylons/pyramid_debugtoolbar,,migrated,,
pyramid_debugtoolbar,,python,,p/pyramid_debugtoolbar/conda.recipe/build.sh,,,migrated,,
pyramid_debugtoolbar,4.2.1,python,,p/pyramid_debugtoolbar/pyramid_debugtoolbar_ubuntu_16.04.sh,https://github.com/Pylons/pyramid_debugtoolbar,,migrated,,
pyramid_jinja2,${1:-,python,,p/pyramid_jinja2/pyramid_jinja2_ubi_8.7.sh,https://github.com/Pylons/pyramid_jinja2.git,,migrated,,
pyramid_jinja2,2.10.1,python,,p/pyramid_jinja2/pyramid_jinja2_ubi_9.3.sh,https://github.com/Pylons/pyramid_jinja2,,migrated,,
pyramid_jinja2,,python,,p/pyramid_jinja2/conda.recipe/build.sh,,,migrated,,
pyramid_jinja2,2.7,python,,p/pyramid_jinja2/pyramid_jinja2_rhel_7.3.sh,https://github.com/Pylons/pyramid_jinja2,,migrated,,
pyramid_jinja2,2.7,python,,p/pyramid_jinja2/pyramid_jinja2_ubuntu_16.04.sh,https://github.com/Pylons/pyramid_jinja2,,migrated,,
pyspnego,v0.10.2,python,,p/pyspnego/pyspnego_ubi_9.3.sh,https://github.com/jborean93/pyspnego.git,,migrated,,
pystatsd,v4.0.1,python,,p/pystatsd/pystatsd_ubi_8.7.sh,https://github.com/jsocol/pystatsd,,migrated,,
pystatsd,3.2.1,python,,p/pystatsd/statsd_rhel_7.3.sh,https://github.com/jsocol/pystatsd,,migrated,,
pysyncobj,v0.3.14,python,,p/pysyncobj/pysyncobj_ubi_9.3.sh,https://github.com/bakwc/PySyncObj,,migrated,,
pysyncobj,0.3.8,python,,p/pysyncobj/pysyncobj_rhel_8.3.sh,https://github.com/bakwc/PySyncObj,,migrated,,
pytables,v3.9.2,python,,p/pytables/pytables_ubi_9.3.sh,https://github.com/PyTables/PyTables,,migrated,,
pytables,v3.9.1,python,,p/pytables/PyTables_ubi_8.7.sh,https://github.com/PyTables/PyTables,,migrated,,
pytest-checkdocs,v2.13.0,python,,p/pytest-checkdocs/pytest-checkdocs_ubi_9.3.sh,https://github.com/jaraco/pytest-checkdocs,,migrated,,
pytest-checkdocs,v2.7.1,python,,p/pytest-checkdocs/pytest-checkdocs_ubi_8.4.sh,https://github.com/jaraco/pytest-checkdocs,,migrated,,
pytest-mypy,v1.0.1,python,,p/pytest-mypy/pytest-mypy_ubi_9.3.sh,https://github.com/realpython/pytest-mypy,,migrated,,
pytest-mypy,0.8.1,python,,p/pytest-mypy/pytest-mypy_rhel_8.3.sh,https://github.com/dbader/pytest-mypy,,migrated,,
python-bunyan,5e41d89,python,,p/python-bunyan/python-bunyan_ubi_8.5.sh,https://github.com/complyue/python-bunyan.git,,migrated,,
python-email-validator,v2.1.1,python,,p/python-email-validator/python-email-validator_ubi_9.6.sh,https://github.com/JoshData/python-email-validator,,migrated,,
python-neutronclient,11.3.1,python,,p/python-neutronclient/python-neutronclient_ubi_9.3.sh,https://github.com/openstack/python-neutronclient.git,,migrated,,
python-novaclient,18.6.0,python,,p/python-novaclient/python-novaclient_ubi_9.3.sh,https://github.com/openstack/python-novaclient.git,,migrated,,
python-oracledb,v2.5.1,python,,p/python-oracledb/python_oracledb_ubi_9.3.sh,https://github.com/oracle/python-oracledb.git,,migrated,,
python-oracledb,v2.5.1,python,,p/python-oracledb/python_oracledb_ubi_8.10.sh,https://github.com/oracle/python-oracledb.git,,migrated,,
python-rake,master,python,,p/python-rake/python-rake_ubi_9.6.sh,https://github.com/csurfer/rake-nltk,,migrated,,
python-rake,master,python,,p/python-rake/python-rake_rhel_7.6.sh,https://github.com/csurfer/rake-nltk,,migrated,,
python-semver,${1:-,python,,p/python-semver/python-semver_ubi_8.7.sh,https://github.com/python-semver/python-semver,,migrated,,
python-semver,3.0.4,python,,p/python-semver/python-semver_ubi_9.3.sh,https://github.com/python-semver/python-semver,,migrated,,
python-semver,2.4.2,python,,p/python-semver/semver_rhel_7.3.sh,https://github.com/k-bx/python-semver,,migrated,,
pytorch,v2.1.0,python,,p/pytorch/pytorch_2.1.0_ubi_9.3.sh,https://github.com/pytorch/pytorch.git,,migrated,,
pytorch,v2.0.1,python,,p/pytorch/pytorch_2.0.1_ubi_9.3.sh,https://github.com/pytorch/pytorch.git,,migrated,,
pytorch,v2.5.1,python,,p/pytorch/pytorch_2.5.1_ubi_9.3.sh,https://github.com/pytorch/pytorch.git,,migrated,,
pytorch,v2.6.0,python,,p/pytorch/pytorch_2.6.0_ubi_9.3.sh,https://github.com/pytorch/pytorch.git,,migrated,,
pytorch,v2.4.0,python,,p/pytorch/pytorch_ubi_9.3.sh,https://github.com/pytorch/pytorch.git,,migrated,,
pywt,v1.8.0,python,,p/pywt/pywt_1.8.0_ubi_9.5.sh,https://github.com/PyWavelets/pywt,,migrated,,
pywt,v1.4.1,python,,p/pywt/pywt_ubi_9.3.sh,https://github.com/PyWavelets/pywt,,migrated,,
pyzmq,v26.4.0,python,,p/pyzmq/pyzmq_ubi_9.3.sh,https://github.com/zeromq/pyzmq.git,,migrated,,
pyzmq,v25.1.2,python,,p/pyzmq/pyzmq_v25.1.2_ubi_9.3.sh,https://github.com/zeromq/pyzmq.git,,migrated,,
redlock-py,master,python,,r/redlock-py/redlock_ubi_8.5.sh,https://github.com/SPSCommerce/redlock-py,,migrated,,
regex,2024.11.6,python,,r/regex/regex_ubi_9.6.sh,https://github.com/mrabarnett/mrab-regex,,migrated,,
requests-kerberos,v0.14.0,python,,r/requests-kerberos/requests-kerberos_ubi_9.3.sh,https://github.com/requests/requests-kerberos.git,,migrated,,
rpds,v0.22.3,python,,r/rpds/rpds_ubi_9.6.sh,https://github.com/crate-py/rpds,,migrated,,
rq,v1.7.0,python,,r/rq/rq_v1.7.0_ubi_8.5.sh,https://github.com/nvie/rq,,migrated,,
rq,v1.10,python,,r/rq/rq_ubi_8.4.sh,https://github.com/nvie/rq,,migrated,,
rtree,1.4.1,python,,r/rtree/rtree_ubi_9.3.sh,https://github.com/Toblerity/rtree,,migrated,,
ruamel-ordereddict,0.4.15,python,,r/ruamel-ordereddict/ruamel-ordereddict_ubi_8.5.sh,http://hg.code.sf.net/p/ruamel-ordereddict/code,,migrated,,
ruamel-yaml-jinja2,0.2.7,python,,r/ruamel-yaml-jinja2/ruamel-yaml-jinja2_ubi_8.4.sh,http://hg.code.sf.net/p/ruamel-yaml-jinja2/code,,migrated,,
ruamel-yaml-jinja2-code,${1:-,python,,r/ruamel-yaml-jinja2-code/ruamel-yaml-jinja2-code_ubi_8.5.sh,http://hg.code.sf.net/p/ruamel-yaml-jinja2/code ruamel-yaml-jinja2-code,,migrated,,
ruamel.yaml.clib,0.2.6,python,,r/ruamel.yaml.clib/ruamel.yaml.clib_ubi_9.3.sh,https://github.com/ruamel/yaml.clib.git,,migrated,,
ryd,0.4.1,python,,r/ryd/ryd_ubi_8.4.sh,http://hg.code.sf.net/p/ryd/code,,migrated,,
Stripe-python,v12.2.0,python,,s/Stripe-python/Stripe-python_ubi_12.2.0_9.3.sh,https://github.com/stripe/stripe-python.git,,migrated,,
Stripe-python,v10.5.0,python,,s/Stripe-python/Stripe-python_ubi_9.3.sh,https://github.com/stripe/stripe-python.git,,migrated,,
Stripe-python,1.37.0,python,,s/Stripe-python/Stripe-python_rhel_7.3.sh,https://github.com/stripe/stripe-python,,migrated,,
Stripe-python,1.37.0,python,,s/Stripe-python/Stripe-python_ubuntu_16.04.sh,https://github.com/stripe/stripe-python,,migrated,,
s3transfer,0.10.4,python,,s/s3transfer/s3transfer_ubi_9.6.sh,https://github.com/boto/s3transfer,,migrated,,
scikit-learn,1.3.0,python,,s/scikit-learn/scikit-learn_1.1.1_ubi_9.3.sh,https://github.com/scikit-learn/scikit-learn,,migrated,,
scikit-learn,1.0.2,python,,s/scikit-learn/scikit-learn_ubi_8.5.sh,https://github.com/scikit-learn/scikit-learn.git,,migrated,,
scikit-learn,0.24.1,python,,s/scikit-learn/scikit-learn_v0.24.1_ubi_8.5.sh,https://github.com/scikit-learn/scikit-learn,,migrated,,
scikit-learn,1.7.0,python,,s/scikit-learn/scikit-learn_1.7.0_ubi_9.3.sh,https://github.com/scikit-learn/scikit-learn.git,,migrated,,
scikit-learn,1.5.0,python,,s/scikit-learn/scikit-learn_ubi_8.10.sh,https://github.com/scikit-learn/scikit-learn.git,,migrated,,
scikit-learn,1.6.1,python,,s/scikit-learn/scikit-learn_ubi_9.3.sh,https://github.com/scikit-learn/scikit-learn.git,,migrated,,
scipy,v1.14.1,python,,s/scipy/scipy_ubi_9.3.sh,https://github.com/scipy/scipy,,migrated,,
scipy,v1.10.1,python,,s/scipy/scipy_v1.10.1_ubi_9.3.sh,https://github.com/scipy/scipy,,migrated,,
scipy,v1.11.3,python,,s/scipy/scipy_v1.11.3_ubi_9.3.sh,https://github.com/scipy/scipy,,migrated,,
scipy,v1.11.4,python,,s/scipy/scipy_ubi_8.10.sh,https://github.com/scipy/scipy,,migrated,,
scipy,v1.6.3,python,,s/scipy/scipy_ubi_8.5.sh,https://github.com/scipy/scipy,,migrated,,
scipy,v1.16.1,python,,s/scipy/scipy_v1.16.1_ubi_9.3.sh,https://github.com/scipy/scipy,,migrated,,
scipy,v1.5.4,python,,s/scipy/scipy_v1.5.4_ubi_8.5.sh,https://github.com/scipy/scipy,,migrated,,
secretstorage, 3.3.3,python,,s/secretstorage/secretstorage_ubi_9.3.sh,https://github.com/mitya57/secretstorage.git,,migrated,,
selinux,v0.3.0,python,,s/selinux/selinux_ubi_9.6.sh,https://github.com/pycontribs/selinux,,migrated,,
sentencepiece,v0.1.97,python,,s/sentencepiece/sentencepiece_ubi_9.3.sh,https://github.com/google/sentencepiece.git,,migrated,,
sentencepiece,v0.2.0,python,,s/sentencepiece/sentencepiece_0.2.0_ubi_9.3.sh,https://github.com/google/sentencepiece.git,,migrated,,
shapely,1.8.5,python,,s/shapely/shapely_ubi_9.3.sh,https://github.com/shapely/shapely.git,,migrated,,
shapely,1.8.5,python,,s/shapely/shapely_ubi_8.10.sh,https://github.com/shapely/shapely.git,,migrated,,
simplejson,v3.17.6,python,,s/simplejson/simplejson_ubi_9.3.sh,https://github.com/simplejson/simplejson,,migrated,,
six,1.16.0,python,,s/six/six_ubi_9.3.sh,https://github.com/benjaminp/six,,migrated,,
snappy,1.2.2,python,,s/snappy/snappy_ubi_9.3.sh,https://github.com/google/snappy,,migrated,,
sniffio,v1.3.1,python,,s/sniffio/sniffio_ubi_9.6.sh,https://github.com/python-trio/sniffio,,migrated,,
sparkmagic,0.20.0,python,,s/sparkmagic/sparkmagic_ubi_9.3.sh,https://github.com/jupyter-incubator/sparkmagic.git,,migrated,,
sparqlwrapper,2.0.0,python,,s/sparqlwrapper/sparqlwrapper_ubi_9.3.sh,https://github.com/RDFLib/sparqlwrapper,,migrated,,
sparqlwrapper,master @ d88b542,python,,s/sparqlwrapper/sparqlwrapper_rhel_7.6.sh,https://github.com/RDFLib/sparqlwrapper.git,,migrated,,
sphinx,v8.2.3,python,,s/sphinx/sphinx_ubi_9.3.sh,https://github.com/sphinx-doc/sphinx,,migrated,,
sphinx,v4.5.0,python,,s/sphinx/sphinx_ubi_8.5.sh,https://github.com/sphinx-doc/sphinx,,migrated,,
sphinx-gallery,0.9.0,python,,s/sphinx-gallery/sphinx-gallery.sh,https://github.com/sphinx-gallery/sphinx-gallery,,migrated,,
sphinx-issues,5.0.1,python,,s/sphinx-issues/sphinx-issues_ubi_9.3.sh,https://github.com/sloria/sphinx-issues,,migrated,,
sphinx-issues,1.2.0,python,,s/sphinx-issues/sphinx-issues_rhel_8.3.sh,https://github.com/sloria/sphinx-issues,,migrated,,
sphinx-prompt,1.9.0,python,,s/sphinx-prompt/sphinx-prompt_ubi_9.3.sh,https://github.com/sbrunner/sphinx-prompt.git,,migrated,,
sphinx-prompt,1.4.0,python,,s/sphinx-prompt/sphinx-prompt_rhel_8.3.sh,https://github.com/sbrunner/sphinx-prompt,,migrated,,
spring-boot,2.2.0.BUILD-SNAPSHOT,python,,s/spring-boot/spring-boot.sh,https://github.com/google/conscrypt,,migrated,,
statsmodels,v0.14.0,python,,s/statsmodels/statsmodels_0.14.0_ubi_9.3.sh,https://github.com/statsmodels/statsmodels.git,,migrated,,
statsmodels,v0.14.6,python,,s/statsmodels/statsmodels_0.14.6_ubi_9.3.sh,https://github.com/statsmodels/statsmodels.git,,migrated,,
statsmodels,v0.13.5,python,,s/statsmodels/statsmodels_ubi_9.3.sh,https://github.com/statsmodels/statsmodels.git,,migrated,,
strict-rfc3339,version-0.7,python,,s/strict-rfc3339/strict-rfc3339_0.7_ubi8_3.sh,https://github.com/danielrichman/strict-rfc3339.git,,migrated,,
syrusakbary-promise,v2.3.0,python,,s/syrusakbary-promise/syrusakbary-promise_ubi_9.3.sh,https://github.com/syrusakbary/promise,,migrated,,
tesserocr,v2.9.1,python,,t/tesserocr/tesserocr_ubi_9.6.sh,https://github.com/${PACKAGE_ORG}/${PACKAGE_NAME}.git,,migrated,,
tf-model-optimization-nightly,v0.7.4,python,,t/tf-model-optimization-nightly/tf-model-optimization-nightly_ubi_9.3.sh,https://github.com/tensorflow/model-optimization.git,,migrated,,
tiktoken,0.7.0,python,,t/tiktoken/tiktoken_ubi_9.3.sh,https://github.com/openai/tiktoken,,migrated,,
tiktoken,0.9.0,python,,t/tiktoken/tiktoken_v0.9.0_ubi_9.6.sh,https://github.com/openai/tiktoken.git,,migrated,,
torchtext,v0.15.2,python,,t/torchtext/torchtext_ubi_9_3.sh,https://github.com/pytorch/text.git,,migrated,,
traitlets,v5.7.1,python,,t/traitlets/traitlets_ubi_9.6.sh,https://github.com/ipython/traitlets,,migrated,,
tree-sitter-javascript,v0.23.1,python,,t/tree-sitter-javascript/tree-sitter-javascript_ubi_9.6.sh,https://github.com/tree-sitter/tree-sitter-javascript,,migrated,,
tree-sitter-python,v0.23.2,python,,t/tree-sitter-python/tree-sitter-python_ubi_9.6.sh,https://github.com/tree-sitter/tree-sitter-python,,migrated,,
tree-sitter-typescript,v0.23.2,python,,t/tree-sitter-typescript/tree-sitter-typescript_ubi_9.6.sh,https://github.com/tree-sitter/tree-sitter-typescript,,migrated,,
tree_sitter_c,v0.23.2,python,,t/tree_sitter_c/tree_sitter_c_ubi_9.6.sh,https://github.com/tree-sitter/tree-sitter-c,,migrated,,
truststore,v0.10.0,python,,t/truststore/truststore_ubi_9.6.sh,https://github.com/sethmlarson/truststore,,migrated,,
unicodedata2,16.0.0,python,,u/unicodedata2/unicodedata2_ubi_9.3.sh,http://github.com/fonttools/unicodedata2,,migrated,,
utf8proc,v2.6.1,python,,u/utf8proc/utf8proc_ubi_9.3.sh,https://github.com/JuliaStrings/utf8proc.git,,migrated,,
uvloop,v0.21.0,python,,u/uvloop/uvloop_ubi_9.3.sh,https://github.com/MagicStack/uvloop,,migrated,,
watchfiles,v0.21.0,python,,w/watchfiles/watchfiles_ubi_9.6.sh,https://github.com/samuelcolvin/watchfiles,,migrated,,
wrapt,1.14.1,python,,w/wrapt/wrapt_ubi_9.3.sh,https://github.com/GrahamDumpleton/wrapt/,,migrated,,
xarray-einstats,v0.7.0,python,,x/xarray-einstats/xarray-einstats_ubi_9.3.sh,https://github.com/arviz-devs/xarray-einstats.git,,migrated,,
xgboost,v1.6.2,python,,x/xgboost/xgboost_ubi_9.3.sh,https://github.com/dmlc/xgboost,,migrated,,
xgboost,v3.1.3,python,,x/xgboost/xgboost_3.0.1_ubi_9.3.sh,https://github.com/dmlc/xgboost,,migrated,,
xgboost,0.71,python,,x/xgboost/xgboost-cpu_ubuntu_16.04.sh,https://github.com/dmlc/xgboost,,migrated,,
xgboost,0.71,python,,x/xgboost/xgboost-gpu_ubuntu_16.04.sh,https://github.com/dmlc/xgboost,,migrated,,
yarl,v1.18.3,python,,y/yarl/yarl_ubi_9.3.sh,https://github.com/aio-libs/yarl,,migrated,,
Zconfig,4.2,python,,z/Zconfig/Zconfig_ubi_9.3.sh,https://github.com/zopefoundation/ZConfig,,migrated,,
Zconfig,3.5.0,python,,z/Zconfig/Zconfig_rhel_8.3.sh,https://github.com/zopefoundation/ZConfig/,,migrated,,
zookeeper,release-3.7.0,python,,z/zookeeper/zookeeper_ubi_8.5.sh,https://github.com/apache/zookeeper.git,,migrated,,
zope-interface,8.0,python,,z/zope-interface/zope-interface_ubi_9.6.sh,https://github.com/zopefoundation/zope.interface.git,,migrated,,
zope-interface,4.4.3,python,,z/zope-interface/zope-interface_ubuntu_16.04.sh,https://github.com/zopefoundation/zope.interface,,migrated,,
zope.interface,7.1.1,python,,z/zope.interface/zope.interface_ubi_9.3.sh,https://github.com/zopefoundation/zope.interface,,migrated,,
zstandard,0.22.0,python,,z/zstandard/zstandard_ubi_9.6.sh,https://github.com/indygreg/python-zstandard,,migrated,,
zstd,v1.5.6.1,python,,z/zstd/zstd_ubi_9.3.sh,https://github.com/sergey-dryabzhinsky/python-zstd.git,,migrated,,
airflow,3.0.2,python,,a/airflow/airflow_ubi_9.3.sh,https://github.com/apache/airflow,,migrated,,
airflow,2.0.1,python,,a/airflow/airflow_ubi_8.sh,https://github.com/apache/airflow,,migrated,,
ansible-lint,v6.16.2,python,,a/ansible-lint/ansible-lint_ubi_8_7.sh,https://github.com/ansible/ansible-lint,,migrated,,
array_record_iindyk,0.7.1,python,,a/array_record_iindyk/array_record_iindyk_ubi_9.3.sh,https://github.com/iindyk/array_record,,migrated,,
chromadb,1.0.20,python,,c/chromadb/chromadb_1.0.20_ubi_9.6.sh,https://github.com/chroma-core/chroma.git,,migrated,,
ctranslate2,v4.5.0,python,,c/ctranslate2/ctranslate2_ubi_9.6.sh,https://github.com/OpenNMT/CTranslate2,,migrated,,
docling,v2.36.0,python,,d/docling/docling_v2.36.0_ubi9.5.sh,https://github.com/${PACKAGE_ORG}/${PACKAGE_NAME}.git,,migrated,,
docling,v2.60.1,python,,d/docling/docling_v2.60.1_ubi9.6.sh,https://github.com/${PACKAGE_ORG}/${PACKAGE_NAME}.git,,migrated,,
exam,0.10.6,python,,e/exam/exam_rhel_8.3.sh,https://github.com/fluxx/exam,,migrated,,
ffmpeg,n7.1,python,,f/ffmpeg/ffmpeg_ubi_9.3.sh,https://github.com/FFmpeg/FFmpeg,,migrated,,
flake8-2020,1.6.0,python,,f/flake8-2020/flake8-2020_rhel_8.3.sh,https://github.com/asottile/flake8-2020,,migrated,,
grpc-cpp,v1.68.0,python,,g/grpc-cpp/grpc_cpp_ubi_9.3.sh,https://github.com/grpc/grpc,,migrated,,
gunicorn,21.2.0,python,,g/gunicorn/gunicorn_ubi_8.7.sh,https://github.com/benoitc/gunicorn,,migrated,,
hdbscan,0.8.24,python,,h/hdbscan/hdbscan_rhel_7.6.sh,http://github.com/scikit-learn-contrib/hdbscan,,migrated,,
horizon,24.0.0,python,,h/horizon/horizon_ubi_8.7.sh,https://github.com/openstack/horizon,,migrated,,
idna-ssl,1.1.0,python,,i/idna-ssl/idna-ssl_rhel_8.3.sh,https://github.com/aio-libs/idna-ssl,,migrated,,
keras,${1:-,python,,k/keras/keras_3.10.0_ubi_9.3.sh,https://github.com/keras-team/keras.git,,migrated,,
keras,,python,,k/keras/conda.recipe/build.sh,,,migrated,,
keras,2.0.8,python,,k/keras/keras_ubuntu_16.04.sh,https://github.com/fchollet/keras.git,,migrated,,
langflow,1.6.0,python,,l/langflow/langflow_ubi_9.6.sh,https://github.com/langflow-ai/langflow.git,,migrated,,
libprotobuf,v4.25.3,python,,l/libprotobuf/libprotobuf_ubi_9.3.sh,https://github.com/protocolbuffers/protobuf,,migrated,,
lit,llvmorg-11.0.1,python,,l/lit/lit_ubi_8.5.sh,https://github.com/llvm/llvm-project.git,,migrated,,
mcp-context-forge,v0.9.0,python,,m/mcp-context-forge/mcp-context-forge_v0.9.0_ubi_9.6.sh,https://github.com/IBM/mcp-context-forge,,migrated,,
netty-tcnative,2.0.25.Final,python,,n/netty-tcnative/netty_tcnative_build_ppc64le_rhel7.6.sh,https://github.com/netty/netty-tcnative/tree/netty-tcnative-parent-2.0.25.Final,,migrated,,
nltk,develop,python,,n/nltk/nltk_ubi_8.5.sh,https://github.com/nltk/nltk,,migrated,,
onetbb,v2021.8.0,python,,o/onetbb/onetbb_ubi_9.3.sh,https://github.com/uxlfoundation/oneTBB,,migrated,,
onnx,v1.16.0,python,,o/onnx/onnx_ubi_1.16.0_9.3.sh,https://github.com/onnx/onnx,,migrated,,
onnx,v1.19.0,python,,o/onnx/onnx_ubi_9.3.sh,https://github.com/onnx/onnx,,migrated,,
onnx,1.4,python,,o/onnx/install.sh,https://github.com/onnx/onnx.git,,migrated,,
onnx,1.4,python,,o/onnx/setup.sh,https://github.com/onnx/onnx.git,,migrated,,
onnx,1.4,python,,o/onnx/test.sh,https://github.com/onnx/onnx.git,,migrated,,
onnxconverter-common,v1.14.0,python,,o/onnxconverter-common/onnxconvertercommon_ubi_9.3.sh,https://github.com/microsoft/onnxconverter-common,,migrated,,
onnxmltools,v1.13,python,,o/onnxmltools/onnxmltools_ubi_9.3.sh,https://github.com/onnx/onnxmltools,,migrated,,
onnxruntime,v1.20.1,python,,o/onnxruntime/onnxruntime_1.20.1_ubi_9.3.sh,https://github.com/microsoft/onnxruntime,,migrated,,
onnxruntime,v1.21.0,python,,o/onnxruntime/onnxruntime_1.21.0_ubi_9.3.sh,https://github.com/microsoft/onnxruntime,,migrated,,
onnxruntime,v1.22.0,python,,o/onnxruntime/onnxruntime_1.22.0_ubi_9.3.sh,https://github.com/microsoft/onnxruntime,,migrated,,
openmpi,5.0.6,python,,o/openmpi/openmpi_ubi_9.3.sh,https://download.open-mpi.org/release/open-mpi/v$PACKAGE_VERSION_DIR/$PACKAGE_NAME-$PACKAGE_VERSION.tar.gz,,migrated,,
operator-sdk-ansible-util,v0.2.0,python,,o/operator-sdk-ansible-util/operator-sdk-ansible-util_0.2.0_ubuntu_18.04.sh,https://github.com/operator-framework/operator-sdk-ansible-util.git,,migrated,,
operator-sdk-ansible-util,v0.2.0,python,,o/operator-sdk-ansible-util/operator-sdk-ansible-util_ubi_8.3.sh,https://github.com/operator-framework/operator-sdk-ansible-util.git,,migrated,,
outlines-core,0.1.26,python,,o/outlines-core/outlines-core_ubi_9.3.sh,https://github.com/dottxt-ai/outlines-core,,migrated,,
parameterized,v0.9.0,python,,p/parameterized/parameterized_ubi_9_3.sh,https://github.com/wolever/parameterized,,migrated,,
parameterizedtestcase,0.1.0,python,,p/parameterizedtestcase/parameterizedtestcase_rhel_8.3.sh,https://github.com/msabramo/python_unittest_parameterized_test_case,,migrated,,
pulsar-client-python,v3.5.0,python,,p/pulsar-client-python/pulsar-client-python_ubi_9.3.sh,https://github.com/apache/pulsar-client-python.git,,migrated,,
pyarrow,apache-arrow-15.0.1,python,,p/pyarrow/pyarrow_15.0.1_ubi_9.3.sh,https://github.com/apache/arrow.git,,migrated,,
pyarrow,apache-arrow-19.0.0,python,,p/pyarrow/pyarrow_19.0.0_ubi_9.3.sh,https://github.com/apache/arrow,,migrated,,
pyarrow,apache-arrow-11.0.0,python,,p/pyarrow/pyarrow_ubi_9.3.sh,https://github.com/apache/arrow.git,,migrated,,
pyarrow,0.10.0,python,,p/pyarrow/pyarrow_0.10.0_ubuntu_16.04_gpu.sh,https://github.com/apache/arrow.git,,migrated,,
pyarrow,0.9.0,python,,p/pyarrow/pyarrow_0.9.0_rhel_7.4.sh,https://github.com/apache/arrow,,migrated,,
pyarrow,1.0.1,python,,p/pyarrow/pyarrow_1.0.1_rhel_7.4.sh,https://github.com/apache/arrow,,migrated,,
pyasn1_modules,0.2.8,python,,p/pyasn1_modules/pyasn1_modules_rhel_8.3.sh,https://github.com/etingof/pyasn1-modules,,migrated,,
pygments-github-lexers,0.0.5,python,,p/pygments-github-lexers/pygments-github-lexers_rhel_8.3.sh,https://github.com/liluo/pygments-github-lexers,,migrated,,
pylibdmtx,v0.1.10,python,,p/pylibdmtx/pylibdmtx_ubi_8.7.sh,https://github.com/NaturalHistoryMuseum/pylibdmtx,,migrated,,
pylibdmtx,v0.18,python,,p/pylibdmtx/pylibdmtx_rhel_7.6.sh,https://github.com/NaturalHistoryMuseum/pylibdmtx.git,,migrated,,
pyopengl-accelerate,release-3.1.9,python,,p/pyopengl-accelerate/pyopengl-accelerate_ubi_9.3.sh,https://github.com/mcfletch/pyopengl,,migrated,,
pyopengl-accelerate,,python,,p/pyopengl-accelerate/conda.recipe/build.sh,,,migrated,,
pyopengl-accelerate,3.1.0,python,,p/pyopengl-accelerate/pyopengl-accelerate_rhel_7.3_py27.sh,,,migrated,,
pyopengl-accelerate,3.1.0,python,,p/pyopengl-accelerate/pyopengl-accelerate_rhel_7.3_py35.sh,,,migrated,,
pyopengl-accelerate,3.1.0,python,,p/pyopengl-accelerate/pyopengl-accelerate_ubuntu_16.04_py27.sh,,,migrated,,
pyopengl-accelerate,3.1.0,python,,p/pyopengl-accelerate/pyopengl-accelerate_ubuntu_16.04_py35.sh,,,migrated,,
pytest-black,0.3.12,python,,p/pytest-black/pytest-black_rhel_8.3.sh,https://github.com/shopkeep/pytest-black,,migrated,,
python-glanceclient,yoga-eom,python,,p/python-glanceclient/python_glanceclient_ubi_8.7.sh,https://github.com/openstack/python-glanceclient,,migrated,,
python-openstackclient,6.5.0,python,,p/python-openstackclient/python-openstackclient_ubi_8.7.sh,https://github.com/openstack/python-openstackclient,,migrated,,
rake-nltk,a80f633,python,,r/rake-nltk/rake-nltk_ubi_8.7.sh,https://github.com/csurfer/${PACKAGE_NAME}.git,,migrated,,
ray,ray-2.47.1,python,,r/ray/ray_ubi_9.3.sh,https://github.com/ray-project/ray,,migrated,,
redisearch,2.0.0,python,,r/redisearch/redisearch_rhel8.sh,https://github.com/RediSearch/RediSearch.git,,migrated,,
skl2onnx,v1.18,python,,s/skl2onnx/skl2onnx_ubi_9.3.sh,https://github.com/onnx/sklearn-onnx.git,,migrated,,
sklearn-pandas,v2.2.0,python,,s/sklearn-pandas/sklearn-pandas_ubi_9.6.sh,https://github.com/scikit-learn-contrib/sklearn-pandas.git,,migrated,,
sphinxcontrib-log-cabinet,1.0.1,python,,s/sphinxcontrib-log-cabinet/sphinxcontrib-log-cabinet_rhel_8.3.sh,https://github.com/davidism/sphinxcontrib-log-cabinet,,migrated,,
tensorboard_plugin_wit,v1.6.0,python,,t/tensorboard_plugin_wit/tensorboard_plugin_wit_ubi_9.3.sh,https://github.com/PAIR-code/what-if-tool.git,,migrated,,
tensorflow,v2.14.1,python,,t/tensorflow/tensorflow_2.14.1_ubi9.3.sh,https://github.com/tensorflow/tensorflow,,migrated,,
tensorflow,v2.13.0,python,,t/tensorflow/tensorflow_ubi_9.3.sh,https://github.com/tensorflow/tensorflow,,migrated,,
tensorflow,1.0.1,python,,t/tensorflow/RHEL/TF_1.0.1/tensorflow_rhel_7.3_gpu.sh,https://github.com/tensorflow/tensorflow,,migrated,,
tensorflow,1.3.1,python,,t/tensorflow/RHEL/TF_1.3.1/tensorflow_1.3.1_cpu_rhel_7.4.sh,https://github.com/tensorflow/tensorflow,,migrated,,
tensorflow,1.3.1,python,,t/tensorflow/RHEL/tensorflow_1.3.1_gpu_rhel_7.4.sh,https://github.com/tensorflow/tensorflow,,migrated,,
tensorflow,1.2.1,python,,t/tensorflow/SLES/tensorflow_1.2.1_sles.sh,https://github.com/tensorflow/tensorflow,,migrated,,
tensorflow,master(1.9.0-rc0),python,,t/tensorflow/Ubuntu/tensorflow_1.9.0_cpu_ubuntu_16.04.sh,https://github.com/tensorflow/tensorflow,,migrated,,
tensorflow,1.8.0,python,,t/tensorflow/RHEL/TF_1.8.0/tensorflow_1.8.0_cpu_rhel_8.3.sh,https://github.com/tensorflow/tensorflow,,migrated,,
tensorflow-io,v0.35.0,python,,t/tensorflow-io/tensorflow-io_ubi_9.3.sh,https://github.com/tensorflow/io.git,,migrated,,
tensorflow-io-gcs-filesystem,v0.35.0,python,,t/tensorflow-io-gcs-filesystem/tensorflow-io-gcs-filesystem_ubi_9.3.sh,https://github.com/tensorflow/io.git,,migrated,,
tensorflow-text,v2.14.0,python,,t/tensorflow-text/tensorflow_text_ubi_9.3.sh,https://github.com/tensorflow/text.git,,migrated,,
tensorflow_model_optimization,v0.8.0,python,,t/tensorflow_model_optimization/tensorflow_model_optimization_ubi_9.3.sh,https://github.com/tensorflow/model-optimization,,migrated,,
thrift-cpp,0.21.0,python,,t/thrift-cpp/thrift-cpp_ubi_9.3.sh,https://github.com/apache/thrift,,migrated,,
torchaudio,v2.7.1,python,,t/torchaudio/torchaudio_ubi_9.3.sh,https://github.com/pytorch/audio.git,,migrated,,
torchaudio,v2.9.0,python,,t/torchaudio/torchaudio_v2.9_ubi_9.3.sh,https://github.com/pytorch/audio.git,,migrated,,
torchdata,v0.7.1,python,,t/torchdata/torchdata_ubi_9.3.sh,https://github.com/pytorch/data.git,,migrated,,
torchvision,v0.24.1,python,,t/torchvision/torchvision_0.24.1_ubi_9.6.sh,https://github.com/pytorch/vision.git,,migrated,,
torchvision,v0.22.0,python,,t/torchvision/torchvision_ubi_9.3.sh,https://github.com/pytorch/vision.git,,migrated,,
torchvision,v0.22.1,python,,t/torchvision/torchvision_0.22.1_ubuntu_24.04.sh,https://github.com/pytorch/vision.git,,migrated,,
triton-inference-server,v2.63.0,python,,t/triton-inference-server/triton-inference-server-master-rhel9.6.sh,https://github.com/triton-inference-server/server,,migrated,,
vision,v0.16.2,python,,v/vision/vision_ubi_9.3.sh,https://github.com/pytorch/vision,,migrated,,
vllm,v0.10.0,python,,v/vllm/vllm_v0.10.0_ubi_9.3.sh,https://github.com/vllm-project/vllm.git,,migrated,,
webob,v1.8.7,python,,w/webob/webob_ubi_8.5.sh,https://files.pythonhosted.org/packages/c7/45/ee5f034fb4ebe3236fa49e5a4fcbc54444dd22ecf33079cf56f9606d479d/WebOb-1.8.7.tar.gz,,migrated,,
werkzeug,1.0.1,python,,w/werkzeug/werkzeug_ubi_8.5.sh,https://github.com/pallets/werkzeug,,migrated,,
win-inet-pton,1.1.0,python,,w/win-inet-pton/win-inet-pton_rhel_8.3.sh,https://github.com/hickeroar/win_inet_pton,,migrated,,
xformers,v0.0.29,python,,x/xformers/xformers_ubi_9_3.sh,https://github.com/facebookresearch/xformers.git,,migrated,,
aaargh,0.7.1,python,,a/aaargh/aaargh_rhel_7.3.sh,https://github.com/wbolster/aaargh,,migrated,,
aaargh,0.7.1,python,,a/aaargh/aaargh_ubuntu_16.04.sh,https://github.com/wbolster/aaargh,,migrated,,
aniso8601,v8.0.0,python,,a/aniso8601/aniso8601_rhel_7.6.sh,https://bitbucket.org/nielsenb/aniso8601/src/master/,,migrated,,
apache-tomcat-native,1.2.28,python,,a/apache-tomcat-native/tomcat-native.sh,https://github.com/apache/tomcat-native.git,,migrated,,
arraymanagement,0.2,python,,a/arraymanagement/arraymanagement_rhel_7.3.sh,https://github.com/ContinuumIO/ArrayManagement.git,,migrated,,
arraymanagement,0.2,python,,a/arraymanagement/arraymanagement_ubuntu_16.04.sh,https://github.com/ContinuumIO/ArrayManagement.git,,migrated,,
arraymanagement,,python,,a/arraymanagement/conda.recipe/build.sh,,,migrated,,
asttokens,v2.0.5,python,,a/asttokens/asttokens_ubi_8.4.sh,https://github.com/gristlabs/asttokens,,migrated,,
bandersnatch,2.0.0,python,,b/bandersnatch/bandersnatch_rhel_7.3.sh,https://bitbucket.org/pypa/bandersnatch,,migrated,,
bandersnatch,6.5.0,python,,b/bandersnatch/bandersnatch_ubi_9_3.sh,https://github.com/pypa/bandersnatch,,migrated,,
bandersnatch,2.0.0,python,,b/bandersnatch/bandersnatch_ubuntu_16.04.sh,https://bitbucket.org/pypa/bandersnatch,,migrated,,
bandersnatch,,python,,b/bandersnatch/conda.recipe/build.sh,,,migrated,,
blockspring,0.1.13,python,,b/blockspring/blockspring_ubuntu_16.04.sh,https://github.com/blockspring/blockspring.py,,migrated,,
blockspring,,python,,b/blockspring/conda.recipe/build.sh,,,migrated,,
chest,0.2.3,python,,c/chest/chest_rhel_7.3.sh,https://github.com/blaze/chest,,migrated,,
chest,0.2.3,python,,c/chest/chest_ubuntu_16.04.sh,https://github.com/blaze/chest,,migrated,,
clyent,1.2.2,python,,c/clyent/clyent_rhel_7.3.sh,https://github.com/Anaconda-Platform/clyent,,migrated,,
clyent,1.2.2,python,,c/clyent/clyent_ubuntu_16.04.sh,https://github.com/Anaconda-Platform/clyent,,migrated,,
constantly,15.1.0,python,,c/constantly/constantly_rhel_7.3.sh,https://github.com/twisted/constantly,,migrated,,
constantly,15.1.0,python,,c/constantly/constantly_ubuntu_16.04.sh,https://github.com/twisted/constantly,,migrated,,
constructor,3.7.0,python,,c/constructor/constructor_ubi_9_3.sh,https://github.com/conda/constructor,,migrated,,
constructor,3.6.0,python,,c/constructor/constructor_ubi_8_7.sh,https://github.com/conda/constructor,,migrated,,
custodia,,python,,c/custodia/custodia_v0.6.0.sh,https://github.com/latchset/custodia.git,,migrated,,
datadog-agent,7.21.0,python,,d/datadog-agent/datadog_sles12_sp5.sh,https://github.com/DataDog/datadog-agent.git,,migrated,,
demjson,release-2.2.4,python,,d/demjson/demjson_rhel_7.6.sh,https://github.com/dmeranda/demjson.git,,migrated,,
disco,0.5.4,python,,d/disco/disco_ubuntu_16.04.sh,https://github.com/discoproject/disco,,migrated,,
dropbox,,python,,d/dropbox/conda.recipe/build.sh,,,migrated,,
entrypoints,0.2.2,python,,e/entrypoints/entrypoints_rhel_7.3.sh,https://github.com/takluyver/entrypoints,,migrated,,
entrypoints,0.4,python,,e/entrypoints/entrypoints_ubi_8_7.sh,https://github.com/takluyver/entrypoints,,migrated,,
ephem,3.7.6.0,python,,e/ephem/ephem_rhel_7.3.sh,https://github.com/brandon-rhodes/pyephem,,migrated,,
evil-transform,master,python,,e/evil-transform/evil_transform_rhel_7.6.sh,https://github.com/googollee/eviltransform.git,,migrated,,
expressions,0.2.3,python,,e/expressions/expressions_rhel_7.3.sh,https://github.com/DataBrewery/expressions.git,,migrated,,
expressions,0.2.3,python,,e/expressions/expressions_ubuntu_16.04.sh,https://github.com/DataBrewery/expressions.git,,migrated,,
faulthandler,2.6,python,,f/faulthandler/faulthandler_rhel_7.3.sh,https://github.com/haypo/faulthandler,,migrated,,
flask-rdf,v0.2.1,python,,f/flask-rdf/flask_restrdf_rhel_7.6.sh,https://github.com/hufman/flask_rdf,,migrated,,
flask-restful,0.3.8,python,,f/flask-restful/flask_restful_rhel_7.6.sh,https://github.com/flask-restful/flask-restful,,migrated,,
flask-restplus,0.13.0,python,,f/flask-restplus/flask_restplus_rhel_7.6.sh,https://github.com/noirbizarre/flask-restplus,,migrated,,
flask_ldap_login,,python,,f/flask_ldap_login/conda.recipe/build.sh,,,migrated,,
flask_ldap_login,0.3.3,python,,f/flask_ldap_login/flask-ldap-login_ubuntu_16.04.sh,https://github.com/ContinuumIO/flask-ldap-login,,migrated,,
frr,FRR 5.0 release,python,,f/frr/frr_ubuntu_16.04.sh,https://github.com/FRRouting/frr,,migrated,,
func_timeout,4.3.5,python,,f/func_timeout/func_timeout_ubi_3.8.sh,https://github.com/kata198/func_timeout.git,,migrated,,
futures,3.0.5,python,,f/futures/futures_ubuntu_16.04.sh,https://github.com/agronholm/pythonfutures,,migrated,,
google-ngrams,4.0.1,python,,g/google-ngrams/google-ngrams_ubuntu_16.04.sh,https://github.com/dimazest/google-ngram-downloader,,migrated,,
google_apputils,0.4.2,python,,g/google_apputils/google_apputils_rhel_7.3.sh,https://github.com/google/google-apputils,,migrated,,
gridmap,,python,,g/gridmap/conda.recipe/build.sh,,,migrated,,
gridmap,0.13.0,python,,g/gridmap/gridmap_rhel_7.3.sh,https://github.com/pygridtools/gridmap.git,,migrated,,
gridmap,0.13.0,python,,g/gridmap/gridmap_ubuntu_16.04.sh,https://github.com/pygridtools/gridmap.git,,migrated,,
gha-script,,python,,gha-script/build_wheels.sh,,,migrated,,
gha-script,,python,,gha-script/pre_process.sh,,,migrated,,
gha-script,,python,,gha-script/read_buildinfo.sh,,,migrated,,
gha-script,,python,,gha-script/create_wheel_wrapper.sh,,,migrated,,
h2o-py,3.10.4.8,python,,h/h2o-py/h2o-py_ubuntu_16.04_py27.sh,https://github.com/h2oai/h2o-3/tree/master/h2o-py,,migrated,,
headers_workaround,0.18,python,,h/headers_workaround/headers_workaround_rhel_7.3.sh,https://github.com/syllog1sm/headers_workaround.git,,migrated,,
headers_workaround,0.18,python,,h/headers_workaround/headers_workaround_ubuntu_16.04.sh,https://github.com/syllog1sm/headers_workaround.git,,migrated,,
humanfriendly,8.1,python,,h/humanfriendly/humanfriendly_rhel_7.6.sh,https://github.com/xolox/python-humanfriendly,,migrated,,
imagesize_py,0.7.1,python,,i/imagesize_py/imagesize_rhel_7.3.sh,https://github.com/shibukawa/imagesize_py,,migrated,,
imagesize_py,1.4.1,python,,i/imagesize_py/imagesize_py_ubi_8_7.sh,https://github.com/shibukawa/imagesize_py,,migrated,,
knit,,python,,k/knit/conda.recipe/build.sh,,,migrated,,
knit,0.2.1,python,,k/knit/knit_ubuntu_16.04.sh,https://github.com/dask/knit,,migrated,,
lame,3.100,python,,l/lame/lame_ubi_9.3.sh,https://downloads.sourceforge.net/sourceforge/$PACKAGE/$PACKAGE-$PACKAGE_VERSION.tar.gz,,migrated,,
lasagne,,python,,l/lasagne/conda.recipe/build.sh,,,migrated,,
lasagne,0.2.dev1,python,,l/lasagne/lasagne_ubuntu_16.04_py27.sh,https://github.com/Lasagne/Lasagne.git,,migrated,,
manageiq,2.1.1,python,,m/manageiq/manageiq-pods/images/manageiq-ui-worker/container-assets/phantomjs_rhel_7.6.sh,https://github.com/ariya/phantomjs/,,migrated,,
mxnet,1.0.0,python,,m/mxnet/mxnet_ubuntu_16.04_cpu.sh,https://github.com/apache/incubator-mxnet.git,,migrated,,
mxnet,1.0.0,python,,m/mxnet/mxnet_ubuntu_16.04_gpu.sh,https://github.com/apache/incubator-mxnet.git,,migrated,,
mxnet,1.0.0,python,,m/mxnet/mxnet_ubuntu_16.04_gpu_1.0.0.sh,https://github.com/apache/incubator-mxnet.git,,migrated,,
mxnet,1.0.0,python,,m/mxnet/mxnet_centos_7.4_gpu.sh,https://github.com/apache/incubator-mxnet.git,,migrated,,
mxnet,1.0.0,python,,m/mxnet/mxnet_rhel_7.4_cpu.sh,https://github.com/apache/incubator-mxnet.git,,migrated,,
nb_config_manager,,python,,n/nb_config_manager/conda.recipe/build.sh,,,migrated,,
nb_config_manager,0.1.3,python,,n/nb_config_manager/nb_config_manager_rhel_7.3.sh,https://github.com/Anaconda-Platform/nb_config_manager.git,,migrated,,
nb_config_manager,0.1.3,python,,n/nb_config_manager/nb_config_manager_ubuntu_16.04.sh,https://github.com/Anaconda-Platform/nb_config_manager.git,,migrated,,
nbsetuptools,,python,,n/nbsetuptools/conda.recipe/build.sh,,,migrated,,
nbsetuptools,0.1.5,python,,n/nbsetuptools/nbsetuptools_rhel_7.3.sh,https://github.com/Anaconda-Platform/nbsetuptools.git,,migrated,,
nbsetuptools,0.1.5,python,,n/nbsetuptools/nbsetuptools_ubuntu_16.04.sh,https://github.com/Anaconda-Platform/nbsetuptools.git,,migrated,,
orange3,,python,,o/orange3/conda.recipe/build.sh,,,migrated,,
orange3,3.4.5,python,,o/orange3/orange3_ubuntu_16.04.sh,https://github.com/biolab/orange3.git,,migrated,,
ordereddict,,python,,o/ordereddict/conda.recipe/build.sh,,,migrated,,
ordereddict,1.1,python,,o/ordereddict/ordereddict_ubuntu_16.04_py27.sh,https://github.com/sprintly/ordereddict.git,,migrated,,
pastedeploy,1.5.2,python,,p/pastedeploy/pastedeploy_rhel_7.3.sh,https://bitbucket.org/ianb/pastedeploy,,migrated,,
pep381client,,python,,p/pep381client/conda.recipe/build.sh,,,migrated,,
pep381client,1.5,python,,p/pep381client/pep381client_ubuntu_16.04_py27.sh,https://bitbucket.org/loewis/pep381client,,migrated,,
petlx,,python,,p/petlx/conda.recipe/build.sh,,,migrated,,
petlx,1.0.3,python,,p/petlx/petlx_rhel_7.3.sh,https://github.com/alimanfoo/petlx.git,,migrated,,
petlx,1.0.3,python,,p/petlx/petlx_ubuntu_16.04.sh,https://github.com/alimanfoo/petlx.git,,migrated,,
phantomjs,2.1.1,python,,p/phantomjs/phantomjs_rhel_7.2.sh,https://github.com/ariya/phantomjs/,,migrated,,
phantomjs,2.1.1,python,,p/phantomjs/phantomjs_rhel_7.6.sh,https://github.com/ariya/phantomjs/,,migrated,,
phantomjs,2.1.1,python,,p/phantomjs/phantomjs_ubuntu_16.04.sh,https://github.com/ariya/phantomjs/,,migrated,,
pymongo,3.10.1,python,,p/pymongo/pymongo_rhel_7.6.sh,https://github.com/mongodb/mongo-python-driver,,migrated,,
pypng,0.0.17,python,,p/pypng/pypng_rhel_7.3.sh,https://github.com/drj11/pypng.git,,migrated,,
pypng,0.0.17,python,,p/pypng/pypng_ubuntu_16.04.sh,https://github.com/drj11/pypng.git,,migrated,,
pyramid_mako,,python,,p/pyramid_mako/conda.recipe/build.sh,,,migrated,,
pyramid_mako,1.0.2,python,,p/pyramid_mako/pyramid_mako_ubuntu_16.04.sh,https://github.com/Pylons/pyramid_mako,,migrated,,
python-ceilometerclient,2.9.1,python,,p/python-ceilometerclient/python-ceilometerclient_rhel_7.4.sh,https://github.com/openstack/python-ceilometerclient.git,,migrated,,
python-ceilometerclient,2.9.1,python,,p/python-ceilometerclient/python-ceilometerclient_ubuntu_16.04.sh,https://github.com/openstack/python-ceilometerclient.git,,migrated,,
python-dropbox,1.4,python,,p/python-dropbox/python-dropbox_ubuntu_16.04_py27.sh,https://github.com/enginoid/python-dropbox,,migrated,,
python-stop-words,2018.7.23,python,,p/python-stop-words/python-stop-words_rhel_7.6.sh,https://github.com/Alir3z4/python-stop-words.git,,migrated,,
python-sybase,,python,,p/python-sybase/conda.recipe/build.sh,,,migrated,,
python-sybase,0.40pre2,python,,p/python-sybase/python-sybase_ubuntu_16.04.sh,https://github.com/fbessho/python-sybase,,migrated,,
python-webencodings,1.3.3,python,,p/python-webencodings/python-webencodings_ubuntu_18.04.sh,https://github.com/gsnedders/python-webencodings.git,,migrated,,
pyzbar,v0.18,python,,p/pyzbar/pyzbar_rhel_7.6.sh,https://github.com/NaturalHistoryMuseum/pyzbar,,migrated,,
rapids,v0.0.1,python,,r/rapids/rapids_rhel_7.6.sh,https://github.com/sinoroc/rapids,,migrated,,
readme-renderer,29.0,python,,r/readme-renderer/readme_renderer_rhel7.6.sh,https://github.com/pypa/readme_renderer,,migrated,,
retrying,1.3.3,python,,r/retrying/retrying_ubuntu_18.04.sh,https://github.com/rholder/retrying.git,,migrated,,
snakebite,,python,,s/snakebite/conda.recipe/build.sh,,,migrated,,
snakebite,2.11.0,python,,s/snakebite/snakebite_ubuntu_16.04.sh,https://github.com/spotify/snakebite,,migrated,,
strictyaml,"1.1.0 ,1.2.0 ,1.3.1 & 1.4.4",python,,s/strictyaml/strictyaml_ubi_8.3.sh,https://github.com/crdoconnor/strictyaml,,migrated,,
script,,python,,script/build_wheels.sh,,,migrated,,
script,,python,,script/pre_process.sh,,,migrated,,
script,,python,,script/create_wheel_wrapper.sh,,,migrated,,
tensorflow-serving,,python,,t/tensorflow-serving/tensorflow-serving_sles_12.sh,https://github.com/ibmsoe/protobuf-1/,,migrated,,
thorntail,latest,python,,t/thorntail/thorntail_rhel_7.6.sh,https://github.com/thorntail/thorntail.git,,migrated,,
vincent,,python,,v/vincent/conda.recipe/build.sh,,,migrated,,
vincent,0.4.4,python,,v/vincent/vincent_rhel_7.3.sh,https://github.com/wrobstory/vincent,,migrated,,
vincent,0.4.4,python,,v/vincent/vincent_ubuntu_16.04.sh,https://github.com/wrobstory/vincent,,migrated,,
wkhtmltopdf,0.12.5-dev,python,,w/wkhtmltopdf/wkhtmltopdf_rhel_7.4.sh,https://github.com/wkhtmltopdf/wkhtmltopdf,,migrated,,
wkhtmltopdf,0.12.5-dev,python,,w/wkhtmltopdf/wkhtmltopdf_ubuntu_16.04.sh,https://github.com/wkhtmltopdf/wkhtmltopdf,,migrated,,
xlsxwriter,v1.2.8,python,,x/xlsxwriter/xlsxwriter_rhel_7.6.sh,https://github.com/jmcnamara/XlsxWriter.git,,migrated,,
xlsxwriter,RELEASE_3.1.9,python,,x/xlsxwriter/xlsxwriter_ubi_8_7.sh,https://github.com/jmcnamara/XlsxWriter.git,,migrated,,
xmlrpc2,,python,,x/xmlrpc2/conda.recipe/build.sh,,,migrated,,
xmlrpc2,0.3.1,python,,x/xmlrpc2/xmlrpc2_ubuntu_16.04_py27.sh,https://github.com/dstufft/xmlrpc2,,migrated,,
zbar-py,master,python,,z/zbar-py/zbar-py_rhel_7.6.sh,https://github.com/zplab/zbar-py,,migrated,,
allennlp,v0.8.4,python,,a/allennlp/allennlp_v0.8.4_rhel_7.6.sh,https://github.com/allenai/allennlp,,migrated,,
allennlp,v0.8.4,python,,a/allennlp/allennlp_v0.8.4_ubuntu_18.04.sh,https://github.com/allenai/allennlp,,migrated,,
allennlp,v0.9.0,python,,a/allennlp/allennlp_v0.9.0_rhel_7.sh,https://github.com/allenai/allennlp,,migrated,,
caffe,1.0.0-rc5,python,,c/caffe/caffe_ubuntu_16.04.sh,https://github.com/BVLC/caffe.git,,migrated,,
docling-serve,v1.9.0,python,,d/docling-serve/docling-serve_ubi_9.6.sh,https://github.com/docling-project/docling-serve.git,,migrated,,
grpc,'1.7.2',python,,g/grpc/grpc_rhel_7.3.sh,https://github.com/grpc/grpc,,migrated,,
grpc,'1.33.2',python,,g/grpc/grpc_ubuntu_18.04.sh,https://github.com/grpc/grpc,,migrated,,
scanner-scripts,,python,,gha-script/scanner-scripts/scancode_wheel_scan.sh,https://github.com/nexB/scancode-toolkit.git,,migrated,,
istio,1.4.3,python,,i/istio/archive/1.4.3/istio_rhel7.6.sh,https://github.com/istio/istio.git,,migrated,,
jsoncpp,1.8.4,python,,j/jsoncpp/jsoncpp_rhel_7.4.sh,https://github.com/open-source-parsers/jsoncpp.git,,migrated,,
jsoncpp,1.8.4,python,,j/jsoncpp/jsoncpp_ubuntu_16.04.sh,https://github.com/open-source-parsers/jsoncpp.git,,migrated,,
jupyter_client,v8.6.0,python,,j/jupyter_client/jupyter_client_ubi_8_7.sh,https://github.com/jupyter/jupyter_client,,migrated,,
pygdf,v0.1.0a3,python,,p/pygdf/pygdf_centos_7_gpu.sh,https://github.com/gpuopenanalytics/pygdf,,migrated,,
pygdf,0.1.0a3,python,,p/pygdf/pygdf_ubuntu_16.04_gpu.sh,https://github.com/gpuopenanalytics/pygdf,,migrated,,
chromium,latest,python,,c/chromium/Chromium_latest_AT_12.0_sdk_RHEL_7.6.sh,https://github.com/shawnanastasio/chromium_power,,migrated,,
chromium,latest,python,,c/chromium/chromium_latest_RHEL_7.6.sh,https://github.com/shawnanastasio/chromium_power,,migrated,,
conscrypt,2.2.1-SNAPSHOT,python,,c/conscrypt/conscrypt.sh,https://github.com/google/conscrypt,,migrated,,
envoyproxy,v1.19.1,python,,e/envoyproxy/envoyproxy_envoy_ubi_8.4.sh,https://github.com/envoyproxy/envoy.git,,migrated,,
istio-proxy,1.4.3,python,,i/istio-proxy/istio-proxy_rhel7.6.sh,https://github.com/istio/proxy.git,,migrated,,
maistra,maistra-2.1,python,,m/maistra/maistra_envoy_ubi_8.4.sh,https://github.com/maistra/envoy,,migrated,,
maistra,maistra-1.1,python,,m/maistra/maistra_istio_rhel_7.6.sh,https://github.com/Maistra/istio,,migrated,,
maistra,maistra-1.1,python,,m/maistra/maistra_proxy_rhel_7.6.sh,https://github.com/Maistra/proxy.git,,migrated,,
pip-ray,ray-0.7.7,python,,p/pip-ray/pip-ray_0.7.7_rhel7.6.sh,https://github.com/ray-project/ray,,migrated,,
